,Location,price_EGP,price_usd,property_type,Beds,Baths,Square Meter,city,sub_div
0,"Palm Hills Kattameya, El Katameya Compounds, El Katameya, New Cairo City, Cairo",9413000.0,148348880.0,Villa,5,4,366, Cairo, New Cairo City
1,"Al Hayat Resort, Al Ain Al Sokhna, Suez",1100000.0,17336000.0,Chalet,3,2,187, Suez, Al Ain Al Sokhna
2,"Stone Park, 5th Settlement Compounds, The 5th Settlement, New Cairo City, Cairo",8500000.0,133960000.0,Villa,6,5,470, Cairo, New Cairo City
3,"Mivida, 5th Settlement Compounds, The 5th Settlement, New Cairo City, Cairo",6200000.0,97712000.0,Twin House,4,3,357, Cairo, New Cairo City
4,"Villette, 5th Settlement Compounds, The 5th Settlement, New Cairo City, Cairo",10000000.0,157600000.0,Villa,5,5,430, Cairo, New Cairo City
5,"Hyde Park, 5th Settlement Compounds, The 5th Settlement, New Cairo City, Cairo",4350000.0,68556000.0,Townhouse,3,3,234, Cairo, New Cairo City
6,"Mountain View Hyde Park, 5th Settlement Compounds, The 5th Settlement, New Cairo City, Cairo",1330000.0,20960800.0,Apartment,2,2,133, Cairo, New Cairo City
7,"Rivan, New Capital Compounds, New Capital City, Cairo",7000000.0,110320000.0,Villa,6,6,550, Cairo, New Capital City
8,"Baymount, Al Ain Al Sokhna, Suez",1800000.0,28368000.0,Chalet,3,2,126, Suez, Al Ain Al Sokhna
9,"Mountain View Hyde Park, 5th Settlement Compounds, The 5th Settlement, New Cairo City, Cairo",3250000.0,51220000.0,iVilla,3,3,305, Cairo, New Cairo City
10,"Villette, 5th Settlement Compounds, The 5th Settlement, New Cairo City, Cairo",6000000.0,94560000.0,Townhouse,4,4,303, Cairo, New Cairo City
11,"Mangroovy Residence, Al Gouna, Hurghada, Red Sea",4400000.0,69344000.0,Apartment,2,2,100, Red Sea, Hurghada
12,"Midtown, South Investors Area, New Cairo City, Cairo",2400000.0,37824000.0,Apartment,3,3,225, Cairo, New Cairo City
13,"Village Gardens Katameya, 5th Settlement Compounds, The 5th Settlement, New Cairo City, Cairo",2000000.0,31520000.0,Apartment,2,2,170, Cairo, New Cairo City
14,"Mivida, 5th Settlement Compounds, The 5th Settlement, New Cairo City, Cairo",6700000.0,105592000.0,Twin House,4,5,355, Cairo, New Cairo City
15,"Baymount, Al Ain Al Sokhna, Suez",940000.0,14814400.0,Chalet,1,1,83, Suez, Al Ain Al Sokhna
16,"Stone Park, 5th Settlement Compounds, The 5th Settlement, New Cairo City, Cairo",4700000.0,74072000.0,Townhouse,3,3,245, Cairo, New Cairo City
17,"Stone Residence, 5th Settlement Compounds, The 5th Settlement, New Cairo City, Cairo",2760000.0,43497600.0,Penthouse,4,4,220, Cairo, New Cairo City
18,"Azha, Al Ain Al Sokhna, Suez",2400000.0,37824000.0,Chalet,2,2,100, Suez, Al Ain Al Sokhna
19,"Mivida, 5th Settlement Compounds, The 5th Settlement, New Cairo City, Cairo",6900000.0,108744000.0,Twin House,4,4,348, Cairo, New Cairo City
20,"Mangroovy Residence, Al Gouna, Hurghada, Red Sea",3350000.0,52796000.0,Apartment,2,2,117, Red Sea, Hurghada
21,"Zavani, New Capital Compounds, New Capital City, Cairo",1680000.0,26476800.0,Apartment,3,3,168, Cairo, New Capital City
22,"Hyde Park, 5th Settlement Compounds, The 5th Settlement, New Cairo City, Cairo",2970000.0,46807200.0,Apartment,3,3,183, Cairo, New Cairo City
23,"Mivida, 5th Settlement Compounds, The 5th Settlement, New Cairo City, Cairo",7750000.0,122140000.0,Villa,3,3,270, Cairo, New Cairo City
24,"Stone Residence, 5th Settlement Compounds, The 5th Settlement, New Cairo City, Cairo",2171000.0,34214960.0,Apartment,3,3,175, Cairo, New Cairo City
50,"Palm Hills Katameya Extension, 5th Settlement Compounds, The 5th Settlement, New Cairo City, Cairo",4403000.0,69391280.0,Townhouse,3,3,260, Cairo, New Cairo City
51,"Mountain View Hyde Park, 5th Settlement Compounds, The 5th Settlement, New Cairo City, Cairo",1650000.0,26004000.0,Apartment,3,2,161, Cairo, New Cairo City
52,"Mivida, 5th Settlement Compounds, The 5th Settlement, New Cairo City, Cairo",9100000.0,143416000.0,Villa,4,5,357, Cairo, New Cairo City
53,"Cairo Festival City, North Investors Area, New Cairo City, Cairo",5000000.0,78800000.0,Twin House,5,4,440, Cairo, New Cairo City
54,"Villette, 5th Settlement Compounds, The 5th Settlement, New Cairo City, Cairo",5700000.0,89832000.0,Townhouse,4,4,311, Cairo, New Cairo City
55,"Katameya Dunes, El Katameya Compounds, El Katameya, New Cairo City, Cairo",16000000.0,252160000.0,Villa,5,5,600, Cairo, New Cairo City
56,"Ancient Sands Resort, Al Gouna, Hurghada, Red Sea",9500000.0,149720000.0,Villa,4,4,190, Red Sea, Hurghada
57,"Allegria, Sheikh Zayed Compounds, Sheikh Zayed City, Giza",15500000.0,244280000.0,Villa,6,5,515, Giza, Sheikh Zayed City
58,"Hyde Park, 5th Settlement Compounds, The 5th Settlement, New Cairo City, Cairo",7835000.0,123479600.0,Townhouse,5,4,323, Cairo, New Cairo City
59,"Palm Hills Kattameya, El Katameya Compounds, El Katameya, New Cairo City, Cairo",17000000.0,267920000.0,Villa,5,6,810, Cairo, New Cairo City
60,"Mivida, 5th Settlement Compounds, The 5th Settlement, New Cairo City, Cairo",9500000.0,149720000.0,Villa,3,4,347, Cairo, New Cairo City
61,"Mountain View Hyde Park, 5th Settlement Compounds, The 5th Settlement, New Cairo City, Cairo",2400000.0,37824000.0,iVilla,3,3,225, Cairo, New Cairo City
62,"Hyde Park, 5th Settlement Compounds, The 5th Settlement, New Cairo City, Cairo",3150000.0,49644000.0,Townhouse,2,2,249, Cairo, New Cairo City
63,"Mivida, 5th Settlement Compounds, The 5th Settlement, New Cairo City, Cairo",6900000.0,108744000.0,Twin House,4,4,341, Cairo, New Cairo City
64,"Village Gardens Katameya, 5th Settlement Compounds, The 5th Settlement, New Cairo City, Cairo",1900000.0,29944000.0,Apartment,2,2,180, Cairo, New Cairo City
65,"The Square, 5th Settlement Compounds, The 5th Settlement, New Cairo City, Cairo",1550000.0,24428000.0,Apartment,3,3,173, Cairo, New Cairo City
66,"Sodic East, 6th District, New Heliopolis, Cairo",4497000.0,70872720.0,Townhouse,4,4,234, Cairo, New Heliopolis
67,"Mivida, 5th Settlement Compounds, The 5th Settlement, New Cairo City, Cairo",9000000.0,141840000.0,Villa,4,4,407, Cairo, New Cairo City
68,"Cyan, Al Gouna, Hurghada, Red Sea",7600000.0,119776000.0,Villa,3,3,165, Red Sea, Hurghada
69,"Mountain View Hyde Park, 5th Settlement Compounds, The 5th Settlement, New Cairo City, Cairo",1750000.0,27580000.0,Apartment,3,2,173, Cairo, New Cairo City
70,"Mountain View Hyde Park, 5th Settlement Compounds, The 5th Settlement, New Cairo City, Cairo",1650000.0,26004000.0,Apartment,3,3,160, Cairo, New Cairo City
71,"Baymount, Al Ain Al Sokhna, Suez",1200000.0,18912000.0,Chalet,2,2,105, Suez, Al Ain Al Sokhna
72,"Villette, 5th Settlement Compounds, The 5th Settlement, New Cairo City, Cairo",6100000.0,96136000.0,Twin House,4,4,310, Cairo, New Cairo City
73,"Hyde Park, 5th Settlement Compounds, The 5th Settlement, New Cairo City, Cairo",6500000.0,102440000.0,Twin House,4,4,279, Cairo, New Cairo City
75,"Cairo Festival City, North Investors Area, New Cairo City, Cairo",12950000.0,204092000.0,Villa,5,6,560, Cairo, New Cairo City
76,"Sarayat Al Maadi, Hay El Maadi, Cairo",7000000.0,110320000.0,Duplex,5,4,300, Cairo, Hay El Maadi
77,"Mivida, 5th Settlement Compounds, The 5th Settlement, New Cairo City, Cairo",3900000.0,61464000.0,Apartment,3,3,186, Cairo, New Cairo City
78,"Eastown, 5th Settlement Compounds, The 5th Settlement, New Cairo City, Cairo",3900000.0,61464000.0,Apartment,3,4,234, Cairo, New Cairo City
79,"Mivida, 5th Settlement Compounds, The 5th Settlement, New Cairo City, Cairo",3500000.0,55160000.0,Apartment,3,3,200, Cairo, New Cairo City
80,"Al Jazeera, 5th Settlement Compounds, The 5th Settlement, New Cairo City, Cairo",8500000.0,133960000.0,Villa,4,4,380, Cairo, New Cairo City
81,"Mountain View Hyde Park, 5th Settlement Compounds, The 5th Settlement, New Cairo City, Cairo",2700000.0,42552000.0,iVilla,4,3,234, Cairo, New Cairo City
82,"Eastown, 5th Settlement Compounds, The 5th Settlement, New Cairo City, Cairo",2400000.0,37824000.0,Apartment,2,3,155, Cairo, New Cairo City
83,"Mountain View Hyde Park, 5th Settlement Compounds, The 5th Settlement, New Cairo City, Cairo",2180000.0,34356800.0,Apartment,3,3,202, Cairo, New Cairo City
84,"Mivida, 5th Settlement Compounds, The 5th Settlement, New Cairo City, Cairo",5900000.0,92984000.0,Townhouse,3,3,190, Cairo, New Cairo City
85,"Mivida, 5th Settlement Compounds, The 5th Settlement, New Cairo City, Cairo",7000000.0,110320000.0,Twin House,4,4,341, Cairo, New Cairo City
86,"Lake View, 5th Settlement Compounds, The 5th Settlement, New Cairo City, Cairo",30000000.0,472800000.0,Villa,5,7,950, Cairo, New Cairo City
87,"Mivida, 5th Settlement Compounds, The 5th Settlement, New Cairo City, Cairo",7000000.0,110320000.0,Villa,4,4,250, Cairo, New Cairo City
88,"Mivida, 5th Settlement Compounds, The 5th Settlement, New Cairo City, Cairo",18400000.0,289984000.0,Villa,6,7,520, Cairo, New Cairo City
89,"Al Safwa, 26th of July Corridor, 6 October City, Giza",7500000.0,118200000.0,Villa,5,5,750, Giza, 6 October City
90,"Degla Square, Degla, Hay El Maadi, Cairo",3500000.0,55160000.0,Apartment,5,5,300, Cairo, Hay El Maadi
91,"Mountain View Hyde Park, 5th Settlement Compounds, The 5th Settlement, New Cairo City, Cairo",1840000.0,28998400.0,Penthouse,3,2,166, Cairo, New Cairo City
92,"Cairo Festival City, North Investors Area, New Cairo City, Cairo",5000000.0,78800000.0,Apartment,3,3,195, Cairo, New Cairo City
93,"Eastown, 5th Settlement Compounds, The 5th Settlement, New Cairo City, Cairo",2100000.0,33096000.0,Apartment,2,2,127, Cairo, New Cairo City
94,"Hyde Park, 5th Settlement Compounds, The 5th Settlement, New Cairo City, Cairo",5600000.0,88256000.0,Villa,4,4,365, Cairo, New Cairo City
95,"Eastown, 5th Settlement Compounds, The 5th Settlement, New Cairo City, Cairo",4150000.0,65404000.0,Duplex,4,4,317, Cairo, New Cairo City
96,"Village Gardens Katameya, 5th Settlement Compounds, The 5th Settlement, New Cairo City, Cairo",2100000.0,33096000.0,Apartment,3,3,190, Cairo, New Cairo City
97,"Hyde Park, 5th Settlement Compounds, The 5th Settlement, New Cairo City, Cairo",3000000.0,47280000.0,Apartment,4,3,272, Cairo, New Cairo City
98,"Mountain View Hyde Park, 5th Settlement Compounds, The 5th Settlement, New Cairo City, Cairo",1450000.0,22852000.0,Apartment,2,2,140, Cairo, New Cairo City
99,"Mivida, 5th Settlement Compounds, The 5th Settlement, New Cairo City, Cairo",10250000.0,161540000.0,Villa,4,5,391, Cairo, New Cairo City
100,"Village Gardens Katameya, 5th Settlement Compounds, The 5th Settlement, New Cairo City, Cairo",3300000.0,52008000.0,Duplex,3,3,245, Cairo, New Cairo City
101,"Mivida, 5th Settlement Compounds, The 5th Settlement, New Cairo City, Cairo",9300000.0,146568000.0,Villa,4,4,391, Cairo, New Cairo City
102,"Palm Hills Kattameya, El Katameya Compounds, El Katameya, New Cairo City, Cairo",6000000.0,94560000.0,Townhouse,3,5,340, Cairo, New Cairo City
103,"Village Gardens Katameya, 5th Settlement Compounds, The 5th Settlement, New Cairo City, Cairo",1700000.0,26792000.0,Apartment,2,2,160, Cairo, New Cairo City
104,"Mountain View Hyde Park, 5th Settlement Compounds, The 5th Settlement, New Cairo City, Cairo",3100000.0,48856000.0,iVilla,4,4,287, Cairo, New Cairo City
105,"Cairo Festival City, North Investors Area, New Cairo City, Cairo",15500000.0,244280000.0,Villa,6,7,700, Cairo, New Cairo City
106,"Mivida, 5th Settlement Compounds, The 5th Settlement, New Cairo City, Cairo",3600000.0,56736000.0,Apartment,3,3,186, Cairo, New Cairo City
107,"Mivida, 5th Settlement Compounds, The 5th Settlement, New Cairo City, Cairo",8200000.0,129232000.0,Villa,3,3,253, Cairo, New Cairo City
108,"Leila Mourad St., El Yasmeen 5, El Yasmeen, New Cairo City, Cairo",2600000.0,40976000.0,Duplex,4,4,370, Cairo, New Cairo City
109,"Mountain View Hyde Park, 5th Settlement Compounds, The 5th Settlement, New Cairo City, Cairo",2750000.0,43340000.0,iVilla,3,3,278, Cairo, New Cairo City
110,"Stone Park, 5th Settlement Compounds, The 5th Settlement, New Cairo City, Cairo",4000000.0,63040000.0,Townhouse,3,3,245, Cairo, New Cairo City
111,"Cairo Festival City, North Investors Area, New Cairo City, Cairo",17000000.0,267920000.0,Villa,5,5,750, Cairo, New Cairo City
112,"Cairo Festival City, North Investors Area, New Cairo City, Cairo",10900000.0,171784000.0,Villa,7+,7+,480, Cairo, New Cairo City
113,"Mivida, 5th Settlement Compounds, The 5th Settlement, New Cairo City, Cairo",9650000.0,152084000.0,Villa,4,3,391, Cairo, New Cairo City
114,"Stone Park, 5th Settlement Compounds, The 5th Settlement, New Cairo City, Cairo",7500000.0,118200000.0,Villa,4,3,340, Cairo, New Cairo City
115,"Eastown, 5th Settlement Compounds, The 5th Settlement, New Cairo City, Cairo",4200000.0,66192000.0,Apartment,3,3,278, Cairo, New Cairo City
116,"Akoya, 5th Settlement Compounds, The 5th Settlement, New Cairo City, Cairo",1976500.0,31149640.0,Apartment,3,3,168, Cairo, New Cairo City
117,"Hyde Park, 5th Settlement Compounds, The 5th Settlement, New Cairo City, Cairo",5500000.0,86680000.0,Villa,4,4,271, Cairo, New Cairo City
118,"El Patio Oro, 5th Settlement Compounds, The 5th Settlement, New Cairo City, Cairo",2000000.0,31520000.0,Apartment,2,2,128, Cairo, New Cairo City
119,"Hyde Park, 5th Settlement Compounds, The 5th Settlement, New Cairo City, Cairo",1100000.0,17336000.0,Apartment,1,2,82, Cairo, New Cairo City
120,"Cairo Festival City, North Investors Area, New Cairo City, Cairo",2900000.0,45704000.0,Apartment,2,2,150, Cairo, New Cairo City
121,"Mivida, 5th Settlement Compounds, The 5th Settlement, New Cairo City, Cairo",9600000.0,151296000.0,Villa,4,4,391, Cairo, New Cairo City
122,"Cairo Festival City, North Investors Area, New Cairo City, Cairo",16450000.0,259252000.0,Villa,7+,7+,714, Cairo, New Cairo City
123,"Fifth Square, North Investors Area, New Cairo City, Cairo",2940000.0,46334400.0,Apartment,3,2,147, Cairo, New Cairo City
124,"Mivida, 5th Settlement Compounds, The 5th Settlement, New Cairo City, Cairo",7000000.0,110320000.0,Twin House,4,4,330, Cairo, New Cairo City
125,"Mivida, 5th Settlement Compounds, The 5th Settlement, New Cairo City, Cairo",11800000.0,185968000.0,Villa,5,4,500, Cairo, New Cairo City
126,"Mountain View Hyde Park, 5th Settlement Compounds, The 5th Settlement, New Cairo City, Cairo",1850000.0,29156000.0,Penthouse,3,3,164, Cairo, New Cairo City
127,"Lake View Residence, 5th Settlement Compounds, The 5th Settlement, New Cairo City, Cairo",4500000.0,70920000.0,Penthouse,3,3,345, Cairo, New Cairo City
128,"Fifth Square, North Investors Area, New Cairo City, Cairo",2940000.0,46334400.0,Apartment,3,2,150, Cairo, New Cairo City
130,"The Square, 5th Settlement Compounds, The 5th Settlement, New Cairo City, Cairo",2000000.0,31520000.0,Apartment,4,3,210, Cairo, New Cairo City
131,"Village Gardens Katameya, 5th Settlement Compounds, The 5th Settlement, New Cairo City, Cairo",5500000.0,86680000.0,Villa,3,4,405, Cairo, New Cairo City
132,"Mivida, 5th Settlement Compounds, The 5th Settlement, New Cairo City, Cairo",5900000.0,92984000.0,Twin House,3,4,229, Cairo, New Cairo City
133,"Bloomfields, Mostakbal City Compounds, Mostakbal City - Future City, Cairo",1310000.0,20645600.0,Apartment,2,2,112, Cairo, Mostakbal City - Future City
134,"Azzar, 5th Settlement Compounds, The 5th Settlement, New Cairo City, Cairo",4400000.0,69344000.0,Townhouse,4,4,250, Cairo, New Cairo City
135,"Cairo Festival City, North Investors Area, New Cairo City, Cairo",5000000.0,78800000.0,Apartment,3,3,200, Cairo, New Cairo City
136,"Hyde Park, 5th Settlement Compounds, The 5th Settlement, New Cairo City, Cairo",1150000.0,18124000.0,Apartment,1,1,80, Cairo, New Cairo City
137,"The Crown, Cairo Alexandria Desert Road, 6 October City, Giza",6093100.0,96027256.0,Townhouse,3,4,211, Giza, 6 October City
138,"Mountain View 2, 5th Settlement Compounds, The 5th Settlement, New Cairo City, Cairo",10000000.0,157600000.0,Villa,4,4,420, Cairo, New Cairo City
139,"Village Gardens Katameya, 5th Settlement Compounds, The 5th Settlement, New Cairo City, Cairo",1550000.0,24428000.0,Apartment,2,2,160, Cairo, New Cairo City
140,"Cairo Festival City, North Investors Area, New Cairo City, Cairo",15500000.0,244280000.0,Villa,5,6,675, Cairo, New Cairo City
141,"Palm Hills Katameya Extension, 5th Settlement Compounds, The 5th Settlement, New Cairo City, Cairo",6000000.0,94560000.0,Villa,4,4,356, Cairo, New Cairo City
142,"Villette, 5th Settlement Compounds, The 5th Settlement, New Cairo City, Cairo",8500000.0,133960000.0,Villa,3,6,303, Cairo, New Cairo City
143,"Hyde Park, 5th Settlement Compounds, The 5th Settlement, New Cairo City, Cairo",2750000.0,43340000.0,Duplex,3,3,256, Cairo, New Cairo City
144,"Hyde Park, 5th Settlement Compounds, The 5th Settlement, New Cairo City, Cairo",2800000.0,44128000.0,Duplex,3,3,211, Cairo, New Cairo City
145,"Mivida, 5th Settlement Compounds, The 5th Settlement, New Cairo City, Cairo",7900000.0,124504000.0,Villa,4,4,435, Cairo, New Cairo City
146,"Hyde Park, 5th Settlement Compounds, The 5th Settlement, New Cairo City, Cairo",2970000.0,46807200.0,Apartment,3,2,173, Cairo, New Cairo City
147,"Village Gardens Katameya, 5th Settlement Compounds, The 5th Settlement, New Cairo City, Cairo",4600000.0,72496000.0,Villa,3,3,290, Cairo, New Cairo City
148,"Mountain View Hyde Park, 5th Settlement Compounds, The 5th Settlement, New Cairo City, Cairo",2800000.0,44128000.0,iVilla,3,3,278, Cairo, New Cairo City
149,"Mivida, 5th Settlement Compounds, The 5th Settlement, New Cairo City, Cairo",10600000.0,167056000.0,Villa,4,3,391, Cairo, New Cairo City
150,"Mivida, 5th Settlement Compounds, The 5th Settlement, New Cairo City, Cairo",3500000.0,55160000.0,Apartment,3,3,184, Cairo, New Cairo City
151,"Mivida, 5th Settlement Compounds, The 5th Settlement, New Cairo City, Cairo",5650000.0,89044000.0,Townhouse,3,3,280, Cairo, New Cairo City
152,"Village Gardens Katameya, 5th Settlement Compounds, The 5th Settlement, New Cairo City, Cairo",1750000.0,27580000.0,Apartment,2,2,174, Cairo, New Cairo City
153,"Mountain View Hyde Park, 5th Settlement Compounds, The 5th Settlement, New Cairo City, Cairo",2150000.0,33884000.0,Apartment,3,3,199, Cairo, New Cairo City
154,"Mivida, 5th Settlement Compounds, The 5th Settlement, New Cairo City, Cairo",12000000.0,189120000.0,Villa,6,7,500, Cairo, New Cairo City
155,"Eastown, 5th Settlement Compounds, The 5th Settlement, New Cairo City, Cairo",1150000.0,18124000.0,Apartment,3,3,190, Cairo, New Cairo City
156,"Mivida, 5th Settlement Compounds, The 5th Settlement, New Cairo City, Cairo",9500000.0,149720000.0,Villa,4,3,356, Cairo, New Cairo City
157,"Castle Landmark, New Capital Compounds, New Capital City, Cairo",1200000.0,18912000.0,Apartment,2,2,120, Cairo, New Capital City
158,"Eastown, 5th Settlement Compounds, The 5th Settlement, New Cairo City, Cairo",4200000.0,66192000.0,Apartment,3,2,255, Cairo, New Cairo City
159,"Hyde Park, 5th Settlement Compounds, The 5th Settlement, New Cairo City, Cairo",892550.0,14066588.0,Townhouse,2,3,160, Cairo, New Cairo City
160,"Katameya Dunes, El Katameya Compounds, El Katameya, New Cairo City, Cairo",13000000.0,204880000.0,Villa,6,6,918, Cairo, New Cairo City
161,"Veranda, Sahl Hasheesh, Hurghada, Red Sea",1900000.0,29944000.0,Chalet,2,2,140, Red Sea, Hurghada
162,"Cairo Festival City, North Investors Area, New Cairo City, Cairo",5200000.0,81952000.0,Apartment,3,3,194, Cairo, New Cairo City
163,"Hyde Park, 5th Settlement Compounds, The 5th Settlement, New Cairo City, Cairo",2145000.0,33805200.0,Apartment,2,2,145, Cairo, New Cairo City
164,"Mivida, 5th Settlement Compounds, The 5th Settlement, New Cairo City, Cairo",9000000.0,141840000.0,Villa,3,3,356, Cairo, New Cairo City
165,"Mivida, 5th Settlement Compounds, The 5th Settlement, New Cairo City, Cairo",6750000.0,106380000.0,Townhouse,3,4,225, Cairo, New Cairo City
166,"Hayah Residence, North Teseen St., The 5th Settlement, New Cairo City, Cairo",9800000.0,154448000.0,Villa,5,5,560, Cairo, New Cairo City
167,"Al Nozha St., Almazah, Heliopolis - Masr El Gedida, Cairo",2227500.0,35105400.0,Apartment,3,3,165, Cairo, Heliopolis - Masr El Gedida
169,"Mivida, 5th Settlement Compounds, The 5th Settlement, New Cairo City, Cairo",6750000.0,106380000.0,Villa,4,4,320, Cairo, New Cairo City
170,"Villette, 5th Settlement Compounds, The 5th Settlement, New Cairo City, Cairo",6200000.0,97712000.0,Townhouse,4,4,307, Cairo, New Cairo City
171,"La Vista 3, La Vista, Al Ain Al Sokhna, Suez",1900000.0,29944000.0,Chalet,3,2,140, Suez, Al Ain Al Sokhna
172,"El Patio 7, 5th Settlement Compounds, The 5th Settlement, New Cairo City, Cairo",4300000.0,67768000.0,Apartment,3,3,210, Cairo, New Cairo City
173,"Marassi, Sidi Abdel Rahman, North Coast",8000000.0,126080000.0,Twin House,4,4,290, North Coast, Sidi Abdel Rahman
174,"Mountain View Hyde Park, 5th Settlement Compounds, The 5th Settlement, New Cairo City, Cairo",2500000.0,39400000.0,iVilla,3,3,224, Cairo, New Cairo City
175,"Al Patio 5, El Patio, El Shorouk Compounds, Shorouk City, Cairo",3590000.0,56578400.0,Townhouse,3,2,194, Cairo, Shorouk City
176,"Al Thawra St., Dokki, Giza",2500000.0,39400000.0,Apartment,3,3,185, Giza, Dokki
177,"Mountain view Sokhna, Mountain view, Al Ain Al Sokhna, Suez",1500000.0,23640000.0,Chalet,3,1,125, Suez, Al Ain Al Sokhna
178,"Orouba Axis, Area A, Ganoob El Acadimia, New Cairo City, Cairo",1950000.0,30732000.0,Apartment,3,3,220, Cairo, New Cairo City
179,"Levana, Uptown Cairo, Mokattam, Cairo",16000000.0,252160000.0,Villa,4,3,472, Cairo, Mokattam
180,"Mivida, 5th Settlement Compounds, The 5th Settlement, New Cairo City, Cairo",3300000.0,52008000.0,Apartment,3,3,186, Cairo, New Cairo City
181,"Sarayat Al Maadi, Hay El Maadi, Cairo",16000000.0,252160000.0,Villa,5,3,470, Cairo, Hay El Maadi
182,"Mountain View Hyde Park, 5th Settlement Compounds, The 5th Settlement, New Cairo City, Cairo",2850000.0,44916000.0,Apartment,4,4,274, Cairo, New Cairo City
183,"Landmark Village, Ext North Inves Area, New Cairo City, Cairo",7000000.0,110320000.0,Twin House,4,5,340, Cairo, New Cairo City
184,"Mountain View Hyde Park, 5th Settlement Compounds, The 5th Settlement, New Cairo City, Cairo",1800000.0,28368000.0,Penthouse,2,2,167, Cairo, New Cairo City
185,"Hyde Park, 5th Settlement Compounds, The 5th Settlement, New Cairo City, Cairo",2700000.0,42552000.0,Apartment,3,3,211, Cairo, New Cairo City
186,"Mivida, 5th Settlement Compounds, The 5th Settlement, New Cairo City, Cairo",5700000.0,89832000.0,Townhouse,3,3,360, Cairo, New Cairo City
187,"Mountain View Hyde Park, 5th Settlement Compounds, The 5th Settlement, New Cairo City, Cairo",2750000.0,43340000.0,Apartment,4,4,278, Cairo, New Cairo City
188,"Eastown, 5th Settlement Compounds, The 5th Settlement, New Cairo City, Cairo",3150000.0,49644000.0,Apartment,3,3,189, Cairo, New Cairo City
189,"Eastown, 5th Settlement Compounds, The 5th Settlement, New Cairo City, Cairo",4300000.0,67768000.0,Duplex,3,3,267, Cairo, New Cairo City
190,"Mivida, 5th Settlement Compounds, The 5th Settlement, New Cairo City, Cairo",5000000.0,78800000.0,Townhouse,3,3,243, Cairo, New Cairo City
191,"Marassi, Sidi Abdel Rahman, North Coast",3912388.0,61659234.88,Apartment,2,2,124, North Coast, Sidi Abdel Rahman
192,"Cairo Festival City, North Investors Area, New Cairo City, Cairo",13500000.0,212760000.0,Villa,7,6,680, Cairo, New Cairo City
193,"Taj City, 5th Settlement Compounds, The 5th Settlement, New Cairo City, Cairo",1700000.0,26792000.0,Apartment,3,3,149, Cairo, New Cairo City
194,"Cairo Festival City, North Investors Area, New Cairo City, Cairo",16900000.0,266344000.0,Villa,7+,7+,610, Cairo, New Cairo City
195,"Mangroovy Residence, Al Gouna, Hurghada, Red Sea",2650000.0,41764000.0,Apartment,1,1,90, Red Sea, Hurghada
196,"Stone Residence, 5th Settlement Compounds, The 5th Settlement, New Cairo City, Cairo",1985200.0,31286752.0,Apartment,2,2,140, Cairo, New Cairo City
197,"Mangroovy Residence, Al Gouna, Hurghada, Red Sea",3700000.0,58312000.0,Apartment,1,1,105, Red Sea, Hurghada
198,"Boho, Al Ain Al Sokhna, Suez",1148000.0,18092480.0,Chalet,2,2,80, Suez, Al Ain Al Sokhna
199,"Mivida, 5th Settlement Compounds, The 5th Settlement, New Cairo City, Cairo",13500000.0,212760000.0,Villa,5,5,500, Cairo, New Cairo City
200,"Eastown, 5th Settlement Compounds, The 5th Settlement, New Cairo City, Cairo",2600000.0,40976000.0,Apartment,3,3,156, Cairo, New Cairo City
201,"Mivida, 5th Settlement Compounds, The 5th Settlement, New Cairo City, Cairo",8250000.0,130020000.0,Villa,5,5,391, Cairo, New Cairo City
202,"Palm Hills Kattameya, El Katameya Compounds, El Katameya, New Cairo City, Cairo",8500000.0,133960000.0,Twin House,6,6,490, Cairo, New Cairo City
203,"Mivida, 5th Settlement Compounds, The 5th Settlement, New Cairo City, Cairo",9000000.0,141840000.0,Villa,4,5,590, Cairo, New Cairo City
204,"Cairo Festival City, North Investors Area, New Cairo City, Cairo",10150000.0,159964000.0,Villa,4,4,380, Cairo, New Cairo City
205,"Mountain View Hyde Park, 5th Settlement Compounds, The 5th Settlement, New Cairo City, Cairo",2150000.0,33884000.0,Apartment,3,3,215, Cairo, New Cairo City
206,"Sarayat Al Maadi, Hay El Maadi, Cairo",4500000.0,70920000.0,Apartment,4,4,280, Cairo, Hay El Maadi
207,"Century City, 5th Settlement Compounds, The 5th Settlement, New Cairo City, Cairo",1425000.0,22458000.0,Apartment,2,2,100, Cairo, New Cairo City
208,"Mivida, 5th Settlement Compounds, The 5th Settlement, New Cairo City, Cairo",2200000.0,34672000.0,Apartment,2,2,133, Cairo, New Cairo City
209,"Stone Park, 5th Settlement Compounds, The 5th Settlement, New Cairo City, Cairo",4000000.0,63040000.0,Townhouse,3,3,240, Cairo, New Cairo City
210,"Cairo Festival City, North Investors Area, New Cairo City, Cairo",20000000.0,315200000.0,Villa,6,7,630, Cairo, New Cairo City
211,"Mivida, 5th Settlement Compounds, The 5th Settlement, New Cairo City, Cairo",6500000.0,102440000.0,Twin House,3,4,330, Cairo, New Cairo City
212,"Eastown, 5th Settlement Compounds, The 5th Settlement, New Cairo City, Cairo",2427000.0,38249520.0,Duplex,3,4,235, Cairo, New Cairo City
213,"Baymount, Al Ain Al Sokhna, Suez",3800000.0,59888000.0,Villa,3,3,167, Suez, Al Ain Al Sokhna
214,"Street 1, District 1, The 5th Settlement, New Cairo City, Cairo",48000000.0,756480000.0,Whole Building,4,7+,"1,160", Cairo, New Cairo City
215,"Hyde Park, 5th Settlement Compounds, The 5th Settlement, New Cairo City, Cairo",3900000.0,61464000.0,Townhouse,5,4,235, Cairo, New Cairo City
216,"Swan Lake, Qesm Ad Dabaah, North Coast",8500000.0,133960000.0,Villa,4,5,500, North Coast, Qesm Ad Dabaah
217,"Mountain View Hyde Park, 5th Settlement Compounds, The 5th Settlement, New Cairo City, Cairo",2560000.0,40345600.0,iVilla,2,4,230, Cairo, New Cairo City
218,"Hyde Park, 5th Settlement Compounds, The 5th Settlement, New Cairo City, Cairo",1425000.0,22458000.0,Apartment,3,3,155, Cairo, New Cairo City
219,"El Patio Oro, 5th Settlement Compounds, The 5th Settlement, New Cairo City, Cairo",2060000.0,32465600.0,Apartment,7,2,160, Cairo, New Cairo City
220,"Palm Hills Kattameya, El Katameya Compounds, El Katameya, New Cairo City, Cairo",17500000.0,275800000.0,Villa,3,7+,810, Cairo, New Cairo City
221,"Hacienda Bay, Sidi Abdel Rahman, North Coast",4000000.0,63040000.0,Chalet,3,3,220, North Coast, Sidi Abdel Rahman
222,"The Water Way, North Investors Area, New Cairo City, Cairo",5250000.0,82740000.0,Apartment,4,3,230, Cairo, New Cairo City
223,"Villette, 5th Settlement Compounds, The 5th Settlement, New Cairo City, Cairo",6600000.0,104016000.0,Townhouse,2,5,307, Cairo, New Cairo City
224,"La Mirada Compound, 5th Settlement Compounds, The 5th Settlement, New Cairo City, Cairo",1100000.0,17336000.0,Apartment,,2,100, Cairo, New Cairo City
225,"Cairo Festival City, North Investors Area, New Cairo City, Cairo",3300000.0,52008000.0,Apartment,2,2,140, Cairo, New Cairo City
226,"Regents Park, Al Andalus District, New Cairo City, Cairo",3205000.0,50510800.0,Apartment,3,3,187, Cairo, New Cairo City
227,"Mountain View Hyde Park, 5th Settlement Compounds, The 5th Settlement, New Cairo City, Cairo",4650000.0,73284000.0,Townhouse,5,4,281, Cairo, New Cairo City
228,"Hyde Park, 5th Settlement Compounds, The 5th Settlement, New Cairo City, Cairo",2250000.0,35460000.0,Apartment,4,4,236, Cairo, New Cairo City
229,"HAP Town, Mostakbal City Compounds, Mostakbal City - Future City, Cairo",5500000.0,86680000.0,Villa,3,4,248, Cairo, Mostakbal City - Future City
230,"Mivida, 5th Settlement Compounds, The 5th Settlement, New Cairo City, Cairo",6400000.0,100864000.0,Twin House,4,5,331, Cairo, New Cairo City
231,"New Maryland, 5th Settlement Compounds, The 5th Settlement, New Cairo City, Cairo",10000000.0,157600000.0,Villa,4,3,420, Cairo, New Cairo City
232,"Abu Soma Resort, Safaga, Hurghada, Red Sea",1750000.0,27580000.0,Apartment,1,1,85, Red Sea, Hurghada
233,"Porto Heliopolis, Almazah, Heliopolis - Masr El Gedida, Cairo",860000.0,13553600.0,Apartment,1,1,65, Cairo, Heliopolis - Masr El Gedida
234,"Stone Residence, 5th Settlement Compounds, The 5th Settlement, New Cairo City, Cairo",1985000.0,31283600.0,Apartment,2,2,140, Cairo, New Cairo City
235,"Baymount, Al Ain Al Sokhna, Suez",1800000.0,28368000.0,Chalet,3,1,144, Suez, Al Ain Al Sokhna
236,"Mivida, 5th Settlement Compounds, The 5th Settlement, New Cairo City, Cairo",6250000.0,98500000.0,Apartment,3,3,280, Cairo, New Cairo City
237,"Mivida, 5th Settlement Compounds, The 5th Settlement, New Cairo City, Cairo",2225000.0,35066000.0,Apartment,3,3,238, Cairo, New Cairo City
238,"Hyde Park, 5th Settlement Compounds, The 5th Settlement, New Cairo City, Cairo",1000000.0,15760000.0,Apartment,1,1,80, Cairo, New Cairo City
239,"Villette, 5th Settlement Compounds, The 5th Settlement, New Cairo City, Cairo",8700000.0,137112000.0,Villa,4,4,303, Cairo, New Cairo City
240,"Palm Hills Golf Views, Cairo Alexandria Desert Road, 6 October City, Giza",6800000.0,107168000.0,Townhouse,4,4,309, Giza, 6 October City
241,"Hyde Park, 5th Settlement Compounds, The 5th Settlement, New Cairo City, Cairo",6000000.0,94560000.0,Townhouse,3,3,316, Cairo, New Cairo City
242,"Mivida, 5th Settlement Compounds, The 5th Settlement, New Cairo City, Cairo",6900000.0,108744000.0,Twin House,3,4,355, Cairo, New Cairo City
243,"Cairo Festival City, North Investors Area, New Cairo City, Cairo",17250000.0,271860000.0,Villa,6,7,630, Cairo, New Cairo City
244,"Mountain View Executive, Al Andalus District, New Cairo City, Cairo",2500000.0,39400000.0,Apartment,2,3,141, Cairo, New Cairo City
247,"Hyde Park, 5th Settlement Compounds, The 5th Settlement, New Cairo City, Cairo",6000000.0,94560000.0,Villa,3,3,248, Cairo, New Cairo City
248,"Villette, 5th Settlement Compounds, The 5th Settlement, New Cairo City, Cairo",9500000.0,149720000.0,Villa,3,4,303, Cairo, New Cairo City
249,"Mivida, 5th Settlement Compounds, The 5th Settlement, New Cairo City, Cairo",5700000.0,89832000.0,Twin House,4,3,300, Cairo, New Cairo City
250,"Eastown, 5th Settlement Compounds, The 5th Settlement, New Cairo City, Cairo",1950000.0,30732000.0,Apartment,2,3,127, Cairo, New Cairo City
251,"Westown, Sheikh Zayed Compounds, Sheikh Zayed City, Giza",6700000.0,105592000.0,Twin House,4,6,365, Giza, Sheikh Zayed City
252,"Mivida, 5th Settlement Compounds, The 5th Settlement, New Cairo City, Cairo",5900000.0,92984000.0,Townhouse,3,3,315, Cairo, New Cairo City
253,"Villette, 5th Settlement Compounds, The 5th Settlement, New Cairo City, Cairo",8062000.0,127057120.0,Townhouse,3,5,245, Cairo, New Cairo City
254,"Mivida, 5th Settlement Compounds, The 5th Settlement, New Cairo City, Cairo",8000000.0,126080000.0,Villa,5,4,356, Cairo, New Cairo City
255,"Azha, Al Ain Al Sokhna, Suez",1300000.0,20488000.0,Chalet,1,1,82, Suez, Al Ain Al Sokhna
256,"Mivida, 5th Settlement Compounds, The 5th Settlement, New Cairo City, Cairo",8400000.0,132384000.0,Villa,5,4,391, Cairo, New Cairo City
257,"The Square, 5th Settlement Compounds, The 5th Settlement, New Cairo City, Cairo",1650000.0,26004000.0,Apartment,3,3,185, Cairo, New Cairo City
258,"Eastown, 5th Settlement Compounds, The 5th Settlement, New Cairo City, Cairo",2000000.0,31520000.0,Apartment,2,2,125, Cairo, New Cairo City
259,"Mountain View Hyde Park, 5th Settlement Compounds, The 5th Settlement, New Cairo City, Cairo",2950000.0,46492000.0,iVilla,3,4,287, Cairo, New Cairo City
260,"Hyde Park, 5th Settlement Compounds, The 5th Settlement, New Cairo City, Cairo",5400000.0,85104000.0,Twin House,4,4,316, Cairo, New Cairo City
261,"Mountain View Hyde Park, 5th Settlement Compounds, The 5th Settlement, New Cairo City, Cairo",3160000.0,49801600.0,iVilla,5,5,305, Cairo, New Cairo City
263,"Mivida, 5th Settlement Compounds, The 5th Settlement, New Cairo City, Cairo",3300000.0,52008000.0,Apartment,3,2,186, Cairo, New Cairo City
264,"Al Ein Bay, Al Ain Al Sokhna, Suez",4000000.0,63040000.0,Twin House,3,3,200, Suez, Al Ain Al Sokhna
265,"Mivida, 5th Settlement Compounds, The 5th Settlement, New Cairo City, Cairo",6200000.0,97712000.0,Twin House,3,4,360, Cairo, New Cairo City
266,"Hyde Park, 5th Settlement Compounds, The 5th Settlement, New Cairo City, Cairo",5500000.0,86680000.0,Townhouse,4,3,306, Cairo, New Cairo City
267,"Mivida, 5th Settlement Compounds, The 5th Settlement, New Cairo City, Cairo",6400000.0,100864000.0,Twin House,3,4,331, Cairo, New Cairo City
268,"Fanadir Marina, Al Gouna, Hurghada, Red Sea",6120000.0,96451200.0,Apartment,2,1,119, Red Sea, Hurghada
269,"Mountain View Hyde Park, 5th Settlement Compounds, The 5th Settlement, New Cairo City, Cairo",1850000.0,29156000.0,Apartment,3,3,166, Cairo, New Cairo City
270,"Palm Hills Kattameya, El Katameya Compounds, El Katameya, New Cairo City, Cairo",12000000.0,189120000.0,Villa,6,6,900, Cairo, New Cairo City
271,"Hyde Park, 5th Settlement Compounds, The 5th Settlement, New Cairo City, Cairo",2500000.0,39400000.0,Apartment,3,3,221, Cairo, New Cairo City
272,"Mountain View 1, 5th Settlement Compounds, The 5th Settlement, New Cairo City, Cairo",14500000.0,228520000.0,Villa,4,4,530, Cairo, New Cairo City
273,"Hyde Park, 5th Settlement Compounds, The 5th Settlement, New Cairo City, Cairo",1250000.0,19700000.0,Apartment,2,2,128, Cairo, New Cairo City
274,"Village Gardens Katameya, 5th Settlement Compounds, The 5th Settlement, New Cairo City, Cairo",1800000.0,28368000.0,Apartment,2,2,175, Cairo, New Cairo City
275,"Villette, 5th Settlement Compounds, The 5th Settlement, New Cairo City, Cairo",7100000.0,111896000.0,Twin House,4,5,310, Cairo, New Cairo City
276,"Dyar Compound, 90 Street, The 5th Settlement, New Cairo City, Cairo",14000000.0,220640000.0,Villa,6,7,"1,000", Cairo, New Cairo City
277,"Hyde Park, 5th Settlement Compounds, The 5th Settlement, New Cairo City, Cairo",3200000.0,50432000.0,Townhouse,2,3,161, Cairo, New Cairo City
278,"Mivida, 5th Settlement Compounds, The 5th Settlement, New Cairo City, Cairo",5650000.0,89044000.0,Townhouse,3,4,279, Cairo, New Cairo City
279,"Mivida, 5th Settlement Compounds, The 5th Settlement, New Cairo City, Cairo",5850000.0,92196000.0,Twin House,3,4,229, Cairo, New Cairo City
280,"Mivida, 5th Settlement Compounds, The 5th Settlement, New Cairo City, Cairo",8000000.0,126080000.0,Villa,4,5,356, Cairo, New Cairo City
281,"Karma Residence, 16th District, Sheikh Zayed City, Giza",5000000.0,78800000.0,Townhouse,4,5,250, Giza, Sheikh Zayed City
282,"Hyde Park, 5th Settlement Compounds, The 5th Settlement, New Cairo City, Cairo",3600000.0,56736000.0,Apartment,3,3,200, Cairo, New Cairo City
283,"Mivida, 5th Settlement Compounds, The 5th Settlement, New Cairo City, Cairo",5000000.0,78800000.0,Townhouse,4,4,280, Cairo, New Cairo City
284,"Mivida, 5th Settlement Compounds, The 5th Settlement, New Cairo City, Cairo",13500000.0,212760000.0,Villa,6,7,640, Cairo, New Cairo City
285,"Palm Hills Kattameya, El Katameya Compounds, El Katameya, New Cairo City, Cairo",8700000.0,137112000.0,Townhouse,4,4,400, Cairo, New Cairo City
286,"Mivida, 5th Settlement Compounds, The 5th Settlement, New Cairo City, Cairo",7900000.0,124504000.0,Villa,4,3,357, Cairo, New Cairo City
287,"American University Housing District, 5th Settlement Compounds, The 5th Settlement, New Cairo City, Cairo",29000000.0,457040000.0,Villa,7+,7+,"1,766", Cairo, New Cairo City
288,"Mivida, 5th Settlement Compounds, The 5th Settlement, New Cairo City, Cairo",8000000.0,126080000.0,Villa,5,5,440, Cairo, New Cairo City
289,"Hyde Park, 5th Settlement Compounds, The 5th Settlement, New Cairo City, Cairo",7500000.0,118200000.0,Villa,5,4,327, Cairo, New Cairo City
290,"Villette, 5th Settlement Compounds, The 5th Settlement, New Cairo City, Cairo",6300000.0,99288000.0,Townhouse,4,4,307, Cairo, New Cairo City
292,"The MarQ, 5th Settlement Compounds, The 5th Settlement, New Cairo City, Cairo",4200000.0,66192000.0,Villa,3,2,185, Cairo, New Cairo City
293,"Bait Alwatan, The 5th Settlement, New Cairo City, Cairo",1535000.0,24191600.0,Apartment,3,3,283, Cairo, New Cairo City
294,"Marassi, Sidi Abdel Rahman, North Coast",2500000.0,39400000.0,Chalet,1,1,85, North Coast, Sidi Abdel Rahman
295,"New Giza, Cairo Alexandria Desert Road, 6 October City, Giza",8000000.0,126080000.0,Duplex,3,4,393, Giza, 6 October City
296,"Midtown, South Investors Area, New Cairo City, Cairo",2850000.0,44916000.0,Apartment,4,4,260, Cairo, New Cairo City
297,"Villette, 5th Settlement Compounds, The 5th Settlement, New Cairo City, Cairo",7200000.0,113472000.0,Twin House,4,6,314, Cairo, New Cairo City
298,"Green Avenue, New Capital Compounds, New Capital City, Cairo",1659000.0,26145840.0,Apartment,3,2,158, Cairo, New Capital City
299,"Mivida, 5th Settlement Compounds, The 5th Settlement, New Cairo City, Cairo",15250000.0,240340000.0,Villa,5,7,630, Cairo, New Cairo City
300,"Cairo Festival City, North Investors Area, New Cairo City, Cairo",13400000.0,211184000.0,Villa,5,7,620, Cairo, New Cairo City
301,"Mivida, 5th Settlement Compounds, The 5th Settlement, New Cairo City, Cairo",3200000.0,50432000.0,Apartment,2,2,156, Cairo, New Cairo City
302,"Palm Hills New Cairo, 5th Settlement Compounds, The 5th Settlement, New Cairo City, Cairo",5500000.0,86680000.0,Twin House,4,4,384, Cairo, New Cairo City
304,"Villette, 5th Settlement Compounds, The 5th Settlement, New Cairo City, Cairo",10000000.0,157600000.0,Villa,5,5,400, Cairo, New Cairo City
305,"Palm Hills Kattameya, El Katameya Compounds, El Katameya, New Cairo City, Cairo",5500000.0,86680000.0,Townhouse,4,4,375, Cairo, New Cairo City
306,"Katameya Dunes, El Katameya Compounds, El Katameya, New Cairo City, Cairo",17000000.0,267920000.0,Villa,7+,7+,850, Cairo, New Cairo City
307,"Mivida, 5th Settlement Compounds, The 5th Settlement, New Cairo City, Cairo",7200000.0,113472000.0,Twin House,3,4,300, Cairo, New Cairo City
308,"Eastown, 5th Settlement Compounds, The 5th Settlement, New Cairo City, Cairo",2850000.0,44916000.0,Apartment,3,3,190, Cairo, New Cairo City
309,"Cairo Festival City, North Investors Area, New Cairo City, Cairo",9000000.0,141840000.0,Villa,4,5,252, Cairo, New Cairo City
310,"Villette, 5th Settlement Compounds, The 5th Settlement, New Cairo City, Cairo",4800000.0,75648000.0,Townhouse,4,3,259, Cairo, New Cairo City
311,"Zed Towers, Sheikh Zayed Compounds, Sheikh Zayed City, Giza",2220000.0,34987200.0,Apartment,2,2,102, Giza, Sheikh Zayed City
312,"Mivida, 5th Settlement Compounds, The 5th Settlement, New Cairo City, Cairo",3400000.0,53584000.0,Apartment,3,3,200, Cairo, New Cairo City
313,"Mountain View Hyde Park, 5th Settlement Compounds, The 5th Settlement, New Cairo City, Cairo",2200000.0,34672000.0,Apartment,3,3,199, Cairo, New Cairo City
314,"Hyde Park, 5th Settlement Compounds, The 5th Settlement, New Cairo City, Cairo",8000000.0,126080000.0,Villa,5,4,280, Cairo, New Cairo City
315,"Hyde Park, 5th Settlement Compounds, The 5th Settlement, New Cairo City, Cairo",2850000.0,44916000.0,Apartment,3,3,217, Cairo, New Cairo City
316,"Hyde Park, 5th Settlement Compounds, The 5th Settlement, New Cairo City, Cairo",4250000.0,66980000.0,Townhouse,3,3,240, Cairo, New Cairo City
317,"Mivida, 5th Settlement Compounds, The 5th Settlement, New Cairo City, Cairo",3350000.0,52796000.0,Apartment,3,3,169, Cairo, New Cairo City
318,"Mivida, 5th Settlement Compounds, The 5th Settlement, New Cairo City, Cairo",14000000.0,220640000.0,Villa,5,4,500, Cairo, New Cairo City
319,"Villette, 5th Settlement Compounds, The 5th Settlement, New Cairo City, Cairo",7000000.0,110320000.0,Townhouse,3,3,307, Cairo, New Cairo City
320,"Village Gardens Katameya, 5th Settlement Compounds, The 5th Settlement, New Cairo City, Cairo",1650000.0,26004000.0,Apartment,2,2,155, Cairo, New Cairo City
321,"Cairo Festival City, North Investors Area, New Cairo City, Cairo",13000000.0,204880000.0,Villa,6,6,620, Cairo, New Cairo City
322,"La Vista 5, La Vista, Al Ain Al Sokhna, Suez",2100000.0,33096000.0,Chalet,2,2,110, Suez, Al Ain Al Sokhna
323,"Mountain View Hyde Park, 5th Settlement Compounds, The 5th Settlement, New Cairo City, Cairo",3800000.0,59888000.0,Apartment,4,4,324, Cairo, New Cairo City
325,"Zed Towers, Sheikh Zayed Compounds, Sheikh Zayed City, Giza",30460000.0,480049600.0,Duplex,6,5,483, Giza, Sheikh Zayed City
326,"Mountain View Hyde Park, 5th Settlement Compounds, The 5th Settlement, New Cairo City, Cairo",1380000.0,21748800.0,Apartment,2,3,133, Cairo, New Cairo City
327,"Wasef Ghaly Basha St., Al Narges 4, Al Narges, New Cairo City, Cairo",2650000.0,41764000.0,Apartment,3,2,235, Cairo, New Cairo City
328,"Villette, 5th Settlement Compounds, The 5th Settlement, New Cairo City, Cairo",4287000.0,67563120.0,Townhouse,5,5,263, Cairo, New Cairo City
329,"Palm Hills Golf Extension, Al Wahat Road, 6 October City, Giza",5350000.0,84316000.0,Villa,4,4,400, Giza, 6 October City
330,"Marassi, Sidi Abdel Rahman, North Coast",8000000.0,126080000.0,Twin House,3,3,175, North Coast, Sidi Abdel Rahman
331,"Diar 2, 6 October Compounds, 6 October City, Giza",1980000.0,31204800.0,Apartment,3,3,165, Giza, 6 October City
332,"Castle Landmark, New Capital Compounds, New Capital City, Cairo",1496000.0,23576960.0,Apartment,3,3,150, Cairo, New Capital City
333,"Al Burouj Compound, El Shorouk Compounds, Shorouk City, Cairo",1200000.0,18912000.0,Townhouse,3,3,165, Cairo, Shorouk City
334,"Villette, 5th Settlement Compounds, The 5th Settlement, New Cairo City, Cairo",7250000.0,114260000.0,Twin House,6,6,310, Cairo, New Cairo City
335,"Hyde Park, 5th Settlement Compounds, The 5th Settlement, New Cairo City, Cairo",5750000.0,90620000.0,Townhouse,3,3,316, Cairo, New Cairo City
336,"Allegria, Sheikh Zayed Compounds, Sheikh Zayed City, Giza",7200000.0,113472000.0,Apartment,4,4,470, Giza, Sheikh Zayed City
337,"The Sierras, Uptown Cairo, Mokattam, Cairo",3400000.0,53584000.0,Apartment,2,3,162, Cairo, Mokattam
338,"Mivida, 5th Settlement Compounds, The 5th Settlement, New Cairo City, Cairo",10250000.0,161540000.0,Villa,3,3,356, Cairo, New Cairo City
339,"Mivida, 5th Settlement Compounds, The 5th Settlement, New Cairo City, Cairo",15000000.0,236400000.0,Villa,4,4,500, Cairo, New Cairo City
340,"Katameya Heights, El Katameya Compounds, El Katameya, New Cairo City, Cairo",49000000.0,772240000.0,Villa,7,6,650, Cairo, New Cairo City
341,"Street 256, Maadi, Hay El Maadi, Cairo",3500000.0,55160000.0,Apartment,4,3,260, Cairo, Hay El Maadi
342,"Cairo Festival City, North Investors Area, New Cairo City, Cairo",6900000.0,108744000.0,Apartment,3,3,210, Cairo, New Cairo City
343,"Mivida, 5th Settlement Compounds, The 5th Settlement, New Cairo City, Cairo",7800000.0,122928000.0,Villa,3,4,440, Cairo, New Cairo City
344,"Katameya Dunes, El Katameya Compounds, El Katameya, New Cairo City, Cairo",17500000.0,275800000.0,Villa,7+,7+,850, Cairo, New Cairo City
345,"Marassi, Sidi Abdel Rahman, North Coast",4200000.0,66192000.0,Chalet,3,3,152, North Coast, Sidi Abdel Rahman
346,"Hyde Park, 5th Settlement Compounds, The 5th Settlement, New Cairo City, Cairo",5900000.0,92984000.0,Twin House,5,4,320, Cairo, New Cairo City
347,"Mivida, 5th Settlement Compounds, The 5th Settlement, New Cairo City, Cairo",9500000.0,149720000.0,Villa,3,2,356, Cairo, New Cairo City
348,"Mivida, 5th Settlement Compounds, The 5th Settlement, New Cairo City, Cairo",15250000.0,240340000.0,Apartment,7,5,630, Cairo, New Cairo City
349,"Telal Al Sokhna, Al Ain Al Sokhna, Suez",1400000.0,22064000.0,Twin House,4,4,140, Suez, Al Ain Al Sokhna
350,"Marassi, Sidi Abdel Rahman, North Coast",2840160.0,44760921.6,Chalet,1,1,92, North Coast, Sidi Abdel Rahman
351,"Eastown, 5th Settlement Compounds, The 5th Settlement, New Cairo City, Cairo",1100000.0,17336000.0,Apartment,3,3,188, Cairo, New Cairo City
352,"Street 10, Greens, 6th District, Sheikh Zayed City, Giza",5000000.0,78800000.0,Twin House,3,3,235, Giza, Sheikh Zayed City
353,"Azad, 5th Settlement Compounds, The 5th Settlement, New Cairo City, Cairo",2700000.0,42552000.0,Apartment,2,2,140, Cairo, New Cairo City
354,"Street 10, Greens, 6th District, Sheikh Zayed City, Giza",5850000.0,92196000.0,Twin House,4,4,303, Giza, Sheikh Zayed City
355,"Hyde Park, 5th Settlement Compounds, The 5th Settlement, New Cairo City, Cairo",3100000.0,48856000.0,Apartment,3,3,192, Cairo, New Cairo City
356,"Cairo Festival City, North Investors Area, New Cairo City, Cairo",15000000.0,236400000.0,Villa,5,6,590, Cairo, New Cairo City
357,"Mivida, 5th Settlement Compounds, The 5th Settlement, New Cairo City, Cairo",6400000.0,100864000.0,Twin House,3,4,320, Cairo, New Cairo City
358,"El Patio Oro, 5th Settlement Compounds, The 5th Settlement, New Cairo City, Cairo",2045000.0,32229200.0,Apartment,3,3,164, Cairo, New Cairo City
359,"Telal Al Sokhna, Al Ain Al Sokhna, Suez",950000.0,14972000.0,Chalet,1,1,64, Suez, Al Ain Al Sokhna
360,"Lake View Residence, 5th Settlement Compounds, The 5th Settlement, New Cairo City, Cairo",2350000.0,37036000.0,Apartment,2,2,134, Cairo, New Cairo City
361,"Marassi, Sidi Abdel Rahman, North Coast",4000000.0,63040000.0,Chalet,4,4,140, North Coast, Sidi Abdel Rahman
362,"Scenario, New Capital Compounds, New Capital City, Cairo",2391625.0,37692010.0,Apartment,3,2,190, Cairo, New Capital City
363,"Villette, 5th Settlement Compounds, The 5th Settlement, New Cairo City, Cairo",11500000.0,181240000.0,Villa,4,4,557, Cairo, New Cairo City
364,"Lake View Residence, 5th Settlement Compounds, The 5th Settlement, New Cairo City, Cairo",2600000.0,40976000.0,Apartment,2,2,142, Cairo, New Cairo City
365,"Zavani, New Capital Compounds, New Capital City, Cairo",1778000.0,28021280.0,Apartment,3,2,158, Cairo, New Capital City
366,"Cairo University Compound, Sheikh Zayed Compounds, Sheikh Zayed City, Giza",1490000.0,23482400.0,Penthouse,4,4,300, Giza, Sheikh Zayed City
367,"Mivida, 5th Settlement Compounds, The 5th Settlement, New Cairo City, Cairo",7400000.0,116624000.0,Twin House,4,4,320, Cairo, New Cairo City
368,"IL Monte Galala, Al Ain Al Sokhna, Suez",2900000.0,45704000.0,Chalet,3,2,119, Suez, Al Ain Al Sokhna
369,"Al Diyar, Al Narges, New Cairo City, Cairo",15500000.0,244280000.0,Villa,4,4,750, Cairo, New Cairo City
370,"Degla Square, Degla, Hay El Maadi, Cairo",4000000.0,63040000.0,Apartment,3,3,200, Cairo, Hay El Maadi
371,"Cairo Festival City, North Investors Area, New Cairo City, Cairo",10000000.0,157600000.0,Villa,7+,7,"1,400", Cairo, New Cairo City
372,"Cairo Festival City, North Investors Area, New Cairo City, Cairo",11000000.0,173360000.0,Duplex,4,4,370, Cairo, New Cairo City
373,"Azha, Al Ain Al Sokhna, Suez",1150000.0,18124000.0,Chalet,1,1,70, Suez, Al Ain Al Sokhna
374,"Al Shouyfat, 5th Settlement Compounds, The 5th Settlement, New Cairo City, Cairo",25000000.0,394000000.0,Villa,7+,7+,"1,200", Cairo, New Cairo City
375,"Sarayat Al Maadi, Hay El Maadi, Cairo",3500000.0,55160000.0,Apartment,3,2,230, Cairo, Hay El Maadi
376,"Baymount, Al Ain Al Sokhna, Suez",5900000.0,92984000.0,Villa,3,3,220, Suez, Al Ain Al Sokhna
377,"Telal Al Sokhna, Al Ain Al Sokhna, Suez",1800000.0,28368000.0,Chalet,3,2,120, Suez, Al Ain Al Sokhna
378,"Cairo Festival City, North Investors Area, New Cairo City, Cairo",4140000.0,65246400.0,Apartment,2,3,145, Cairo, New Cairo City
379,"Area B, Ganoob El Acadimia, New Cairo City, Cairo",2500000.0,39400000.0,Apartment,3,3,200, Cairo, New Cairo City
380,"Al Narges 2, Al Narges, New Cairo City, Cairo",3100000.0,48856000.0,Duplex,4,4,350, Cairo, New Cairo City
381,"Eastown, 5th Settlement Compounds, The 5th Settlement, New Cairo City, Cairo",2800000.0,44128000.0,Apartment,2,4,151, Cairo, New Cairo City
382,"Mountain View 3, 5th Settlement Compounds, The 5th Settlement, New Cairo City, Cairo",5600000.0,88256000.0,Villa,4,3,262, Cairo, New Cairo City
383,"Bamboo Palm Hills, 26th of July Corridor, 6 October City, Giza",14000000.0,220640000.0,Villa,4,4,578, Giza, 6 October City
384,"Marassi, Sidi Abdel Rahman, North Coast",11000000.0,173360000.0,Villa,5,6,498, North Coast, Sidi Abdel Rahman
385,"Caribbean, Markaz Al Hamam, North Coast",1360000.0,21433600.0,Chalet,5,2,200, North Coast, Markaz Al Hamam
386,"Sarayat Al Maadi, Hay El Maadi, Cairo",4600000.0,72496000.0,Apartment,3,3,260, Cairo, Hay El Maadi
387,"Taj City, 5th Settlement Compounds, The 5th Settlement, New Cairo City, Cairo",1100000.0,17336000.0,Apartment,1,1,65, Cairo, New Cairo City
388,"Zavani, New Capital Compounds, New Capital City, Cairo",1700000.0,26792000.0,Apartment,3,2,168, Cairo, New Capital City
389,"Eastown, 5th Settlement Compounds, The 5th Settlement, New Cairo City, Cairo",3320000.0,52323200.0,Apartment,3,4,205, Cairo, New Cairo City
390,"Mountain View Hyde Park, 5th Settlement Compounds, The 5th Settlement, New Cairo City, Cairo",1780000.0,28052800.0,Apartment,3,2,160, Cairo, New Cairo City
391,"Area B, Ganoob El Acadimia, New Cairo City, Cairo",3800000.0,59888000.0,Duplex,3,4,380, Cairo, New Cairo City
392,"Villette, 5th Settlement Compounds, The 5th Settlement, New Cairo City, Cairo",13000000.0,204880000.0,Villa,6,6,530, Cairo, New Cairo City
393,"Cairo University Compound, Sheikh Zayed Compounds, Sheikh Zayed City, Giza",1049000.0,16532240.0,Apartment,3,3,162, Giza, Sheikh Zayed City
394,"Allegria, Sheikh Zayed Compounds, Sheikh Zayed City, Giza",26000000.0,409760000.0,Villa,4,5,"1,200", Giza, Sheikh Zayed City
395,"The MarQ, 5th Settlement Compounds, The 5th Settlement, New Cairo City, Cairo",5100000.0,80376000.0,Villa,3,4,185, Cairo, New Cairo City
396,"Mountain View Hyde Park, 5th Settlement Compounds, The 5th Settlement, New Cairo City, Cairo",2750000.0,43340000.0,iVilla,3,3,243, Cairo, New Cairo City
397,"Villette, 5th Settlement Compounds, The 5th Settlement, New Cairo City, Cairo",6100000.0,96136000.0,Townhouse,3,3,307, Cairo, New Cairo City
398,"Villette, 5th Settlement Compounds, The 5th Settlement, New Cairo City, Cairo",7750000.0,122140000.0,Twin House,6,6,303, Cairo, New Cairo City
399,"Mountain View Hyde Park, 5th Settlement Compounds, The 5th Settlement, New Cairo City, Cairo",2900000.0,45704000.0,iVilla,5,5,300, Cairo, New Cairo City
400,"Katameya Dunes, El Katameya Compounds, El Katameya, New Cairo City, Cairo",13000000.0,204880000.0,Villa,6,6,700, Cairo, New Cairo City
401,"Cairo Gate, Sheikh Zayed Compounds, Sheikh Zayed City, Giza",2900000.0,45704000.0,Apartment,2,2,100, Giza, Sheikh Zayed City
402,"The Sierras, Uptown Cairo, Mokattam, Cairo",5000000.0,78800000.0,Apartment,3,3,147, Cairo, Mokattam
403,"Layan Residence, 5th Settlement Compounds, The 5th Settlement, New Cairo City, Cairo",5842250.0,92073860.0,Twin House,3,3,283, Cairo, New Cairo City
404,"Eastown, 5th Settlement Compounds, The 5th Settlement, New Cairo City, Cairo",3250000.0,51220000.0,Apartment,3,2,195, Cairo, New Cairo City
405,"Cairo Festival City, North Investors Area, New Cairo City, Cairo",3200000.0,50432000.0,Apartment,2,2,132, Cairo, New Cairo City
406,"The Crown, Cairo Alexandria Desert Road, 6 October City, Giza",7555500.0,119074680.0,Twin House,3,4,231, Giza, 6 October City
407,"Galleria Moon Valley, South Investors Area, New Cairo City, Cairo",2300000.0,36248000.0,Apartment,3,3,140, Cairo, New Cairo City
409,"Telal Al Sokhna, Al Ain Al Sokhna, Suez",2600000.0,40976000.0,Twin House,3,3,140, Suez, Al Ain Al Sokhna
410,"Westown, Sheikh Zayed Compounds, Sheikh Zayed City, Giza",2900000.0,45704000.0,Apartment,3,3,190, Giza, Sheikh Zayed City
411,"Lake View Residence, 5th Settlement Compounds, The 5th Settlement, New Cairo City, Cairo",4200000.0,66192000.0,Penthouse,4,4,298, Cairo, New Cairo City
412,"Villette, 5th Settlement Compounds, The 5th Settlement, New Cairo City, Cairo",5600000.0,88256000.0,Townhouse,5,5,263, Cairo, New Cairo City
413,"Mountain View Hyde Park, 5th Settlement Compounds, The 5th Settlement, New Cairo City, Cairo",2450000.0,38612000.0,iVilla,3,3,223, Cairo, New Cairo City
414,"Cairo Festival City, North Investors Area, New Cairo City, Cairo",10750000.0,169420000.0,Villa,5,5,560, Cairo, New Cairo City
415,"El Narges Buildings, Al Narges, New Cairo City, Cairo",1850000.0,29156000.0,Apartment,3,2,205, Cairo, New Cairo City
416,"Eastown, 5th Settlement Compounds, The 5th Settlement, New Cairo City, Cairo",3331250.0,52500500.0,Apartment,3,2,195, Cairo, New Cairo City
417,"Palm Hills Kattameya, El Katameya Compounds, El Katameya, New Cairo City, Cairo",8000000.0,126080000.0,Twin House,3,3,450, Cairo, New Cairo City
418,"Palm Hills Kattameya, El Katameya Compounds, El Katameya, New Cairo City, Cairo",11250000.0,177300000.0,Villa,4,4,486, Cairo, New Cairo City
419,"Mivida, 5th Settlement Compounds, The 5th Settlement, New Cairo City, Cairo",9000000.0,141840000.0,Villa,4,4,400, Cairo, New Cairo City
420,"Zed Towers, Sheikh Zayed Compounds, Sheikh Zayed City, Giza",2200000.0,34672000.0,Apartment,2,2,102, Giza, Sheikh Zayed City
421,"Ring Road, Zahraa El Maadi, Hay El Maadi, Cairo",1100000.0,17336000.0,Apartment,3,2,170, Cairo, Hay El Maadi
422,"Mivida, 5th Settlement Compounds, The 5th Settlement, New Cairo City, Cairo",6800000.0,107168000.0,Twin House,4,5,350, Cairo, New Cairo City
423,"Layan Residence, 5th Settlement Compounds, The 5th Settlement, New Cairo City, Cairo",3895000.0,61385200.0,Townhouse,3,3,237, Cairo, New Cairo City
424,"Cairo Festival City, North Investors Area, New Cairo City, Cairo",5200000.0,81952000.0,Apartment,3,3,205, Cairo, New Cairo City
425,"Layan Residence, 5th Settlement Compounds, The 5th Settlement, New Cairo City, Cairo",5500000.0,86680000.0,Twin House,5,5,480, Cairo, New Cairo City
426,"Eastown, 5th Settlement Compounds, The 5th Settlement, New Cairo City, Cairo",4300000.0,67768000.0,Duplex,4,5,317, Cairo, New Cairo City
427,"Palm Parks   Palm Hills, South Dahshur Link, 6 October City, Giza",3200000.0,50432000.0,Penthouse,2,2,153, Giza, 6 October City
428,"Beit Alwatan, 6 October Compounds, 6 October City, Giza",1085000.0,17099600.0,Apartment,3,3,218, Giza, 6 October City
429,"Castle Landmark, New Capital Compounds, New Capital City, Cairo",1508000.0,23766080.0,Apartment,3,2,145, Cairo, New Capital City
430,"Mountain View Hyde Park, 5th Settlement Compounds, The 5th Settlement, New Cairo City, Cairo",3000000.0,47280000.0,iVilla,3,3,300, Cairo, New Cairo City
431,"The Courtyards, Sheikh Zayed Compounds, Sheikh Zayed City, Giza",5355000.0,84394800.0,Townhouse,3,3,267, Giza, Sheikh Zayed City
432,"La Vista 6, La Vista, Al Ain Al Sokhna, Suez",3000000.0,47280000.0,Chalet,4,3,180, Suez, Al Ain Al Sokhna
433,"Villette, 5th Settlement Compounds, The 5th Settlement, New Cairo City, Cairo",6500000.0,102440000.0,Townhouse,5,5,307, Cairo, New Cairo City
434,"Villette, 5th Settlement Compounds, The 5th Settlement, New Cairo City, Cairo",5250000.0,82740000.0,Townhouse,5,5,263, Cairo, New Cairo City
435,"Le Reve, El Katameya Compounds, El Katameya, New Cairo City, Cairo",10700000.0,168632000.0,Villa,6,5,"1,250", Cairo, New Cairo City
436,"Mountain View Hyde Park, 5th Settlement Compounds, The 5th Settlement, New Cairo City, Cairo",1800000.0,28368000.0,Apartment,2,2,133, Cairo, New Cairo City
437,"Mountain View Hyde Park, 5th Settlement Compounds, The 5th Settlement, New Cairo City, Cairo",2500000.0,39400000.0,iVilla,3,3,300, Cairo, New Cairo City
438,"Mountain View Hyde Park, 5th Settlement Compounds, The 5th Settlement, New Cairo City, Cairo",3150000.0,49644000.0,iVilla,4,4,305, Cairo, New Cairo City
440,"IL Monte Galala, Al Ain Al Sokhna, Suez",2250000.0,35460000.0,Chalet,2,2,102, Suez, Al Ain Al Sokhna
441,"Marassi, Sidi Abdel Rahman, North Coast",2600000.0,40976000.0,Chalet,1,1,75, North Coast, Sidi Abdel Rahman
442,"Atrio, Sheikh Zayed Compounds, Sheikh Zayed City, Giza",5500000.0,86680000.0,Twin House,5,5,254, Giza, Sheikh Zayed City
443,"Amwaj, Al Alamein, North Coast",2000000.0,31520000.0,Chalet,2,2,130, North Coast, Al Alamein
444,"Villette, 5th Settlement Compounds, The 5th Settlement, New Cairo City, Cairo",10750000.0,169420000.0,Villa,4,3,495, Cairo, New Cairo City
445,"Al Patio 5, El Patio, El Shorouk Compounds, Shorouk City, Cairo",4275000.0,67374000.0,Twin House,3,4,248, Cairo, Shorouk City
447,"Mountain View iCity, 5th Settlement Compounds, The 5th Settlement, New Cairo City, Cairo",1900000.0,29944000.0,Apartment,2,2,235, Cairo, New Cairo City
448,"La Vista City, New Capital Compounds, New Capital City, Cairo",4900000.0,77224000.0,Villa,3,3,230, Cairo, New Capital City
449,"Fifth Square, North Investors Area, New Cairo City, Cairo",1015000.0,15996400.0,Villa,6,5,347, Cairo, New Cairo City
450,"New Giza, Cairo Alexandria Desert Road, 6 October City, Giza",1633000.0,25736080.0,Apartment,3,2,232, Giza, 6 October City
451,"Stone Park, 5th Settlement Compounds, The 5th Settlement, New Cairo City, Cairo",6000000.0,94560000.0,Villa,3,4,280, Cairo, New Cairo City
452,"Mivida, 5th Settlement Compounds, The 5th Settlement, New Cairo City, Cairo",7200000.0,113472000.0,Twin House,4,4,355, Cairo, New Cairo City
453,"Mountain View iCity, 5th Settlement Compounds, The 5th Settlement, New Cairo City, Cairo",2200000.0,34672000.0,Apartment,3,2,155, Cairo, New Cairo City
454,"Katameya Dunes, El Katameya Compounds, El Katameya, New Cairo City, Cairo",18000000.0,283680000.0,Villa,5,4,850, Cairo, New Cairo City
455,"Omar Khorshid St., El Banafseg 10, El Banafseg, New Cairo City, Cairo",1870000.0,29471200.0,Hotel Apartment,2,1,130, Cairo, New Cairo City
456,"Omar Khorshid St., El Banafseg 10, El Banafseg, New Cairo City, Cairo",840000.0,13238400.0,Hotel Apartment,1,1,52, Cairo, New Cairo City
457,"Villette, 5th Settlement Compounds, The 5th Settlement, New Cairo City, Cairo",10000000.0,157600000.0,Villa,4,4,360, Cairo, New Cairo City
458,"Mountain View Hyde Park, 5th Settlement Compounds, The 5th Settlement, New Cairo City, Cairo",2700000.0,42552000.0,Apartment,3,4,274, Cairo, New Cairo City
459,"Villette, 5th Settlement Compounds, The 5th Settlement, New Cairo City, Cairo",10000000.0,157600000.0,Villa,5,6,360, Cairo, New Cairo City
460,"Marassi, Sidi Abdel Rahman, North Coast",6150000.0,96924000.0,Chalet,3,3,142, North Coast, Sidi Abdel Rahman
461,"Mivida, 5th Settlement Compounds, The 5th Settlement, New Cairo City, Cairo",13494888.0,212679434.88,Twin House,4,4,348, Cairo, New Cairo City
462,"Marassi, Sidi Abdel Rahman, North Coast",1696000.0,26728960.0,Chalet,1,1,72, North Coast, Sidi Abdel Rahman
463,"Beit Al Watan, Sheikh Zayed Compounds, Sheikh Zayed City, Giza",1544400.0,24339744.0,Apartment,3,3,198, Giza, Sheikh Zayed City
464,"Marassi, Sidi Abdel Rahman, North Coast",5500000.0,86680000.0,Penthouse,3,2,220, North Coast, Sidi Abdel Rahman
465,"North Edge Towers, New Alamein City, North Coast",315000.0,4964400.0,Chalet,3,3,182, North Coast, New Alamein City
466,"IL Monte Galala, Al Ain Al Sokhna, Suez",200000.0,3152000.0,Chalet,2,2,120, Suez, Al Ain Al Sokhna
467,"Mountain view Sokhna, Mountain view, Al Ain Al Sokhna, Suez",1550000.0,24428000.0,Chalet,3,2,120, Suez, Al Ain Al Sokhna
468,"Galleria Moon Valley, South Investors Area, New Cairo City, Cairo",2450000.0,38612000.0,Apartment,3,3,194, Cairo, New Cairo City
469,"Telal Al Sokhna, Al Ain Al Sokhna, Suez",2550000.0,40188000.0,Twin House,3,3,140, Suez, Al Ain Al Sokhna
470,"Al Jazeera, 5th Settlement Compounds, The 5th Settlement, New Cairo City, Cairo",8600000.0,135536000.0,Villa,4,4,380, Cairo, New Cairo City
471,"Swan Lake, Al Gouna, Hurghada, Red Sea",3000000.0,47280000.0,Chalet,3,2,133, Red Sea, Hurghada
472,"Tag Al Din El Sobky St., Ard El Golf, Heliopolis - Masr El Gedida, Cairo",3200000.0,50432000.0,Apartment,3,3,340, Cairo, Heliopolis - Masr El Gedida
473,"Lake View Residence, 5th Settlement Compounds, The 5th Settlement, New Cairo City, Cairo",3200000.0,50432000.0,Apartment,3,3,215, Cairo, New Cairo City
474,"Sarayat Al Maadi, Hay El Maadi, Cairo",3500000.0,55160000.0,Apartment,3,2,220, Cairo, Hay El Maadi
475,"Mivida, 5th Settlement Compounds, The 5th Settlement, New Cairo City, Cairo",9700000.0,152872000.0,Villa,4,4,480, Cairo, New Cairo City
476,"New Giza, Cairo Alexandria Desert Road, 6 October City, Giza",3650000.0,57524000.0,Apartment,3,3,183, Giza, 6 October City
477,"Mivida, 5th Settlement Compounds, The 5th Settlement, New Cairo City, Cairo",7000000.0,110320000.0,Twin House,3,4,320, Cairo, New Cairo City
478,"Mivida, 5th Settlement Compounds, The 5th Settlement, New Cairo City, Cairo",11800000.0,185968000.0,Villa,5,6,500, Cairo, New Cairo City
480,"Villette, 5th Settlement Compounds, The 5th Settlement, New Cairo City, Cairo",10000000.0,157600000.0,Villa,6,6,360, Cairo, New Cairo City
481,"Caribbean, Markaz Al Hamam, North Coast",628320.0,9902323.2,Chalet,2,1,84, North Coast, Markaz Al Hamam
482,"Mivida, 5th Settlement Compounds, The 5th Settlement, New Cairo City, Cairo",5150000.0,81164000.0,Townhouse,3,3,278, Cairo, New Cairo City
483,"Palm Hills   Palm Valley, 26th of July Corridor, 6 October City, Giza",5000000.0,78800000.0,Townhouse,4,4,244, Giza, 6 October City
484,"Villette, 5th Settlement Compounds, The 5th Settlement, New Cairo City, Cairo",5600000.0,88256000.0,Townhouse,3,3,263, Cairo, New Cairo City
485,"Pyramids Heights, Cairo Alexandria Desert Road, 6 October City, Giza",6700000.0,105592000.0,Villa,5,5,350, Giza, 6 October City
486,"Hacienda, North Coast",3300000.0,52008000.0,Chalet,4,3,400, North Coast,Hacienda
487,"Hacienda, North Coast",3900000.0,61464000.0,Chalet,4,5,235, North Coast,Hacienda
488,"Mivida, 5th Settlement Compounds, The 5th Settlement, New Cairo City, Cairo",9250000.0,145780000.0,Villa,4,4,350, Cairo, New Cairo City
489,"Marassi, Sidi Abdel Rahman, North Coast",30000000.0,472800000.0,Villa,5,6,525, North Coast, Sidi Abdel Rahman
490,"Hacienda Bay, Sidi Abdel Rahman, North Coast",17500000.0,275800000.0,Villa,7,7,520, North Coast, Sidi Abdel Rahman
491,"Layan Residence, 5th Settlement Compounds, The 5th Settlement, New Cairo City, Cairo",4600000.0,72496000.0,Twin House,4,4,319, Cairo, New Cairo City
492,"Sarayat Al Maadi, Hay El Maadi, Cairo",5200000.0,81952000.0,Apartment,3,3,350, Cairo, Hay El Maadi
493,"Lake View Residence, 5th Settlement Compounds, The 5th Settlement, New Cairo City, Cairo",3450000.0,54372000.0,Apartment,3,3,215, Cairo, New Cairo City
494,"Hyde Park, 5th Settlement Compounds, The 5th Settlement, New Cairo City, Cairo",3800000.0,59888000.0,Duplex,4,3,200, Cairo, New Cairo City
495,"Eastown, 5th Settlement Compounds, The 5th Settlement, New Cairo City, Cairo",3500000.0,55160000.0,Penthouse,4,5,335, Cairo, New Cairo City
496,"Allegria, Sheikh Zayed Compounds, Sheikh Zayed City, Giza",18500000.0,291560000.0,Villa,6,7,530, Giza, Sheikh Zayed City
497,"The Village, South Investors Area, New Cairo City, Cairo",2850000.0,44916000.0,Apartment,2,2,146, Cairo, New Cairo City
498,"Mivida, 5th Settlement Compounds, The 5th Settlement, New Cairo City, Cairo",6500000.0,102440000.0,Twin House,3,3,229, Cairo, New Cairo City
499,"Mivida, 5th Settlement Compounds, The 5th Settlement, New Cairo City, Cairo",5500000.0,86680000.0,Townhouse,3,3,285, Cairo, New Cairo City
500,"Armonia, New Capital Compounds, New Capital City, Cairo",1433151.0,22586459.759999998,Apartment,3,2,135, Cairo, New Capital City
501,"El Patio Oro, 5th Settlement Compounds, The 5th Settlement, New Cairo City, Cairo",900000.0,14184000.0,Apartment,3,2,164, Cairo, New Cairo City
502,"West Hills Residence, Ring Road, 6 October City, Giza",3600000.0,56736000.0,Duplex,3,3,290, Giza, 6 October City
503,"Lake View Residence, 5th Settlement Compounds, The 5th Settlement, New Cairo City, Cairo",4366000.0,68808160.0,Apartment,3,3,191, Cairo, New Cairo City
504,"Mivida, 5th Settlement Compounds, The 5th Settlement, New Cairo City, Cairo",9100000.0,143416000.0,Villa,4,4,356, Cairo, New Cairo City
505,"Blue Bay Asia, Al Ain Al Sokhna, Suez",1200000.0,18912000.0,Chalet,2,1,100, Suez, Al Ain Al Sokhna
506,"Lake View Residence, 5th Settlement Compounds, The 5th Settlement, New Cairo City, Cairo",300000.0,4728000.0,Apartment,2,2,142, Cairo, New Cairo City
507,"Hassan Khater St., El Nozha El Gadida, El Nozha, Cairo",1820000.0,28683200.0,Apartment,3,3,260, Cairo, El Nozha
508,"Dyar, Ext North Inves Area, New Cairo City, Cairo",8250000.0,130020000.0,Villa,4,5,345, Cairo, New Cairo City
509,"Lake View Residence, 5th Settlement Compounds, The 5th Settlement, New Cairo City, Cairo",2000000.0,31520000.0,Apartment,2,2,144, Cairo, New Cairo City
510,"Dyar Compound, 90 Street, The 5th Settlement, New Cairo City, Cairo",9000000.0,141840000.0,Villa,4,5,345, Cairo, New Cairo City
511,"Dyar, Ext North Inves Area, New Cairo City, Cairo",10500000.0,165480000.0,Villa,5,6,450, Cairo, New Cairo City
512,"IL Monte Galala, Al Ain Al Sokhna, Suez",8500000.0,133960000.0,Villa,4,5,275, Suez, Al Ain Al Sokhna
513,"Cairo Gate, Sheikh Zayed Compounds, Sheikh Zayed City, Giza",4190000.0,66034400.0,Apartment,3,2,150, Giza, Sheikh Zayed City
514,"Mivida, 5th Settlement Compounds, The 5th Settlement, New Cairo City, Cairo",9500000.0,149720000.0,Villa,5,4,356, Cairo, New Cairo City
515,"Mivida, 5th Settlement Compounds, The 5th Settlement, New Cairo City, Cairo",3650000.0,57524000.0,Apartment,3,3,200, Cairo, New Cairo City
516,"The Square, 5th Settlement Compounds, The 5th Settlement, New Cairo City, Cairo",2800000.0,44128000.0,Penthouse,4,4,220, Cairo, New Cairo City
517,"Mivida, 5th Settlement Compounds, The 5th Settlement, New Cairo City, Cairo",6150000.0,96924000.0,Twin House,3,3,190, Cairo, New Cairo City
518,"Beit Alwatan, 6 October Compounds, 6 October City, Giza",1359000.0,21417840.0,Apartment,3,3,206, Giza, 6 October City
519,"Mountain View iCity, 5th Settlement Compounds, The 5th Settlement, New Cairo City, Cairo",2300000.0,36248000.0,Apartment,3,2,235, Cairo, New Cairo City
520,"Street28, District 5, The 5th Settlement, New Cairo City, Cairo",3200000.0,50432000.0,Apartment,4,3,240, Cairo, New Cairo City
521,"Mivida, 5th Settlement Compounds, The 5th Settlement, New Cairo City, Cairo",15500000.0,244280000.0,Villa,5,5,500, Cairo, New Cairo City
522,"Mivida, 5th Settlement Compounds, The 5th Settlement, New Cairo City, Cairo",8200000.0,129232000.0,Twin House,4,4,355, Cairo, New Cairo City
523,"Mivida, 5th Settlement Compounds, The 5th Settlement, New Cairo City, Cairo",3900000.0,61464000.0,Apartment,3,3,200, Cairo, New Cairo City
524,"Mivida, 5th Settlement Compounds, The 5th Settlement, New Cairo City, Cairo",7150000.0,112684000.0,Villa,4,3,265, Cairo, New Cairo City
525,"Mivida, 5th Settlement Compounds, The 5th Settlement, New Cairo City, Cairo",7600000.0,119776000.0,Twin House,3,3,340, Cairo, New Cairo City
526,"Beit Al Watan, Sheikh Zayed Compounds, Sheikh Zayed City, Giza",1300000.0,20488000.0,Apartment,3,3,179, Giza, Sheikh Zayed City
527,"Mountain View Hyde Park, 5th Settlement Compounds, The 5th Settlement, New Cairo City, Cairo",3000000.0,47280000.0,iVilla,5,5,300, Cairo, New Cairo City
528,"La Vista 3, La Vista, Al Ain Al Sokhna, Suez",2200000.0,34672000.0,Chalet,3,2,140, Suez, Al Ain Al Sokhna
529,"Al Karma 4, Sheikh Zayed Compounds, Sheikh Zayed City, Giza",6000000.0,94560000.0,Twin House,3,3,337, Giza, Sheikh Zayed City
530,"Mivida, 5th Settlement Compounds, The 5th Settlement, New Cairo City, Cairo",4970000.0,78327200.0,Townhouse,3,3,360, Cairo, New Cairo City
531,"Mivida, 5th Settlement Compounds, The 5th Settlement, New Cairo City, Cairo",4000000.0,63040000.0,Townhouse,4,4,360, Cairo, New Cairo City
532,"Hyde Park, 5th Settlement Compounds, The 5th Settlement, New Cairo City, Cairo",5500000.0,86680000.0,Villa,4,3,271, Cairo, New Cairo City
533,"Allegria, Sheikh Zayed Compounds, Sheikh Zayed City, Giza",12000000.0,189120000.0,Villa,4,4,380, Giza, Sheikh Zayed City
534,"Cairo Festival City, North Investors Area, New Cairo City, Cairo",25000000.0,394000000.0,Villa,5,5,800, Cairo, New Cairo City
535,"Lake View Residence, 5th Settlement Compounds, The 5th Settlement, New Cairo City, Cairo",5817000.0,91675920.0,Apartment,3,4,345, Cairo, New Cairo City
536,"Mivida, 5th Settlement Compounds, The 5th Settlement, New Cairo City, Cairo",6900000.0,108744000.0,Twin House,4,4,340, Cairo, New Cairo City
537,"Hyde Park, 5th Settlement Compounds, The 5th Settlement, New Cairo City, Cairo",4400000.0,69344000.0,Townhouse,3,4,235, Cairo, New Cairo City
538,"Cairo Festival City, North Investors Area, New Cairo City, Cairo",4000000.0,63040000.0,Villa,5,5,520, Cairo, New Cairo City
539,"Azha, Al Ain Al Sokhna, Suez",1974000.0,31110240.0,Chalet,2,2,100, Suez, Al Ain Al Sokhna
540,"Aroma Beach, Al Ain Al Sokhna, Suez",1400000.0,22064000.0,Chalet,1,1,75, Suez, Al Ain Al Sokhna
541,"Eastown, 5th Settlement Compounds, The 5th Settlement, New Cairo City, Cairo",1500000.0,23640000.0,Apartment,2,3,152, Cairo, New Cairo City
542,"Abdel Moneim Riad St., Mohandessin, Giza",1800000.0,28368000.0,Apartment,2,2,130, Giza, Mohandessin
543,"Marassi, Sidi Abdel Rahman, North Coast",5125000.0,80770000.0,Chalet,2,1,138, North Coast, Sidi Abdel Rahman
544,"Stone Residence, 5th Settlement Compounds, The 5th Settlement, New Cairo City, Cairo",2400000.0,37824000.0,Apartment,2,2,155, Cairo, New Cairo City
545,"Mivida, 5th Settlement Compounds, The 5th Settlement, New Cairo City, Cairo",9100000.0,143416000.0,Villa,5,4,391, Cairo, New Cairo City
546,"Mivida, 5th Settlement Compounds, The 5th Settlement, New Cairo City, Cairo",6431155.0,101355002.8,Twin House,4,4,348, Cairo, New Cairo City
547,"Mivida, 5th Settlement Compounds, The 5th Settlement, New Cairo City, Cairo",15000000.0,236400000.0,Villa,4,4,427, Cairo, New Cairo City
548,"Adn St., Mohandessin, Giza",1800000.0,28368000.0,Apartment,3,3,150, Giza, Mohandessin
549,"Mivida, 5th Settlement Compounds, The 5th Settlement, New Cairo City, Cairo",8200000.0,129232000.0,Villa,3,4,270, Cairo, New Cairo City
550,"Mivida, 5th Settlement Compounds, The 5th Settlement, New Cairo City, Cairo",2980000.0,46964800.0,Apartment,3,3,156, Cairo, New Cairo City
551,"Madinaty, Cairo",13000000.0,204880000.0,Villa,6,6,900, Cairo,Madinaty
552,"Midtown Condo, New Capital Compounds, New Capital City, Cairo",1160000.0,18281600.0,Apartment,2,2,105, Cairo, New Capital City
553,"Zed Towers, Sheikh Zayed Compounds, Sheikh Zayed City, Giza",3200000.0,50432000.0,Apartment,3,2,135, Giza, Sheikh Zayed City
555,"Mivida, 5th Settlement Compounds, The 5th Settlement, New Cairo City, Cairo",3250000.0,51220000.0,Apartment,3,3,186, Cairo, New Cairo City
556,"Mivida, 5th Settlement Compounds, The 5th Settlement, New Cairo City, Cairo",7200000.0,113472000.0,Villa,3,3,229, Cairo, New Cairo City
557,"Mivida, 5th Settlement Compounds, The 5th Settlement, New Cairo City, Cairo",7500000.0,118200000.0,Twin House,4,4,320, Cairo, New Cairo City
558,"Mivida, 5th Settlement Compounds, The 5th Settlement, New Cairo City, Cairo",9500000.0,149720000.0,Villa,5,4,390, Cairo, New Cairo City
559,"Alsuwais Cairo Road, Zahraa El Maadi, Hay El Maadi, Cairo",826000.0,13017760.0,Apartment,3,1,108, Cairo, Hay El Maadi
560,"Mivida, 5th Settlement Compounds, The 5th Settlement, New Cairo City, Cairo",15887500.0,250387000.0,Villa,4,4,500, Cairo, New Cairo City
561,"Flowers Park, North Investors Area, New Cairo City, Cairo",10500000.0,165480000.0,Villa,5,4,500, Cairo, New Cairo City
562,"Mivida, 5th Settlement Compounds, The 5th Settlement, New Cairo City, Cairo",9500000.0,149720000.0,Villa,3,3,347, Cairo, New Cairo City
563,"Mivida, 5th Settlement Compounds, The 5th Settlement, New Cairo City, Cairo",9500000.0,149720000.0,Villa,5,4,392, Cairo, New Cairo City
564,"Mivida, 5th Settlement Compounds, The 5th Settlement, New Cairo City, Cairo",12812500.0,201925000.0,Villa,5,5,500, Cairo, New Cairo City
565,"Mivida, 5th Settlement Compounds, The 5th Settlement, New Cairo City, Cairo",5125000.0,80770000.0,Apartment,4,3,238, Cairo, New Cairo City
566,"Mivida, 5th Settlement Compounds, The 5th Settlement, New Cairo City, Cairo",6000000.0,94560000.0,Townhouse,3,3,285, Cairo, New Cairo City
567,"Mivida, 5th Settlement Compounds, The 5th Settlement, New Cairo City, Cairo",9600000.0,151296000.0,Villa,5,4,391, Cairo, New Cairo City
568,"Mivida, 5th Settlement Compounds, The 5th Settlement, New Cairo City, Cairo",7200000.0,113472000.0,Villa,3,3,228, Cairo, New Cairo City
569,"Madinaty, Cairo",1050000.0,16548000.0,Apartment,3,2,124, Cairo,Madinaty
570,"Mivida, 5th Settlement Compounds, The 5th Settlement, New Cairo City, Cairo",10950000.0,172572000.0,Villa,5,4,356, Cairo, New Cairo City
571,"Mivida, 5th Settlement Compounds, The 5th Settlement, New Cairo City, Cairo",6300000.0,99288000.0,Townhouse,4,4,280, Cairo, New Cairo City
572,"R7, New Capital City, Cairo",1989883.0,31360556.08,Apartment,3,4,186, Cairo, New Capital City
573,"Cairo Festival City, North Investors Area, New Cairo City, Cairo",22000000.0,346720000.0,Villa,7+,7+,"1,080", Cairo, New Cairo City
575,"Mountain View Hyde Park, 5th Settlement Compounds, The 5th Settlement, New Cairo City, Cairo",2950000.0,46492000.0,iVilla,4,4,300, Cairo, New Cairo City
576,"Allegria, Sheikh Zayed Compounds, Sheikh Zayed City, Giza",8000000.0,126080000.0,Villa,5,5,550, Giza, Sheikh Zayed City
577,"IL Monte Galala, Al Ain Al Sokhna, Suez",2522666.0,39757216.16,Twin House,3,2,195, Suez, Al Ain Al Sokhna
578,"IL Monte Galala, Al Ain Al Sokhna, Suez",4700000.0,74072000.0,Twin House,3,3,175, Suez, Al Ain Al Sokhna
579,"Mivida, 5th Settlement Compounds, The 5th Settlement, New Cairo City, Cairo",5000000.0,78800000.0,Townhouse,3,3,280, Cairo, New Cairo City
580,"Beit Al Watan, Sheikh Zayed Compounds, Sheikh Zayed City, Giza",380000.0,5988800.0,Apartment,3,3,185, Giza, Sheikh Zayed City
581,"Royal Meadows, Sheikh Zayed Compounds, Sheikh Zayed City, Giza",4850000.0,76436000.0,Twin House,5,5,485, Giza, Sheikh Zayed City
582,"Al Thawra St., Almazah, Heliopolis - Masr El Gedida, Cairo",2200000.0,34672000.0,Apartment,2,2,127, Cairo, Heliopolis - Masr El Gedida
583,"Mountain View Executive, Al Andalus District, New Cairo City, Cairo",3590000.0,56578400.0,Apartment,4,3,234, Cairo, New Cairo City
584,"Al Andalus District, 6 October Compounds, 6 October City, Giza",680800.0,10729408.0,Apartment,3,2,148, Giza, 6 October City
586,"Galleria Moon Valley, South Investors Area, New Cairo City, Cairo",2600000.0,40976000.0,Penthouse,3,3,200, Cairo, New Cairo City
587,"Mohamed Mazhar St., Zamalek, Cairo",19500000.0,307320000.0,Apartment,4,5,500, Cairo, Zamalek
588,"Allegria, Sheikh Zayed Compounds, Sheikh Zayed City, Giza",15000000.0,236400000.0,Villa,4,3,515, Giza, Sheikh Zayed City
589,"La Vista Bay, La Vista, Qesm Ad Dabaah, North Coast",30000000.0,472800000.0,Villa,4,4,900, North Coast, Qesm Ad Dabaah
590,"Mountain View Hyde Park, 5th Settlement Compounds, The 5th Settlement, New Cairo City, Cairo",2850000.0,44916000.0,iVilla,4,4,278, Cairo, New Cairo City
591,"Zayed Dunes, 6th District, Sheikh Zayed City, Giza",1850000.0,29156000.0,Apartment,3,3,198, Giza, Sheikh Zayed City
592,"Mountain View Hyde Park, 5th Settlement Compounds, The 5th Settlement, New Cairo City, Cairo",1850000.0,29156000.0,Penthouse,3,2,166, Cairo, New Cairo City
593,"Marassi, Sidi Abdel Rahman, North Coast",11300000.0,178088000.0,Villa,5,5,600, North Coast, Sidi Abdel Rahman
594,"O West, 6 October Compounds, 6 October City, Giza",2300000.0,36248000.0,Apartment,2,2,120, Giza, 6 October City
595,"Cairo Gate, Sheikh Zayed Compounds, Sheikh Zayed City, Giza",9500000.0,149720000.0,Townhouse,4,3,300, Giza, Sheikh Zayed City
596,"Hyde Park, 5th Settlement Compounds, The 5th Settlement, New Cairo City, Cairo",1374400.0,21660544.0,Apartment,3,3,211, Cairo, New Cairo City
597,"Bait Alwatan, The 5th Settlement, New Cairo City, Cairo",743000.0,11709680.0,Apartment,3,1,125, Cairo, New Cairo City
598,"Azha, Al Ain Al Sokhna, Suez",605000.0,9534800.0,Chalet,2,2,100, Suez, Al Ain Al Sokhna
599,"Bait Alwatan, The 5th Settlement, New Cairo City, Cairo",1275000.0,20094000.0,Apartment,2,1,195, Cairo, New Cairo City
600,"La Sirena Mini, Al Ain Al Sokhna, Suez",675000.0,10638000.0,Chalet,1,1,65, Suez, Al Ain Al Sokhna
601,"Bait Alwatan, The 5th Settlement, New Cairo City, Cairo",1660000.0,26161600.0,Duplex,3,2,270, Cairo, New Cairo City
602,"Town Gate, New Capital Compounds, New Capital City, Cairo",1890000.0,29786400.0,Apartment,3,3,150, Cairo, New Capital City
603,"Palm Hills Katameya Extension, 5th Settlement Compounds, The 5th Settlement, New Cairo City, Cairo",10500000.0,165480000.0,Villa,4,5,596, Cairo, New Cairo City
604,"Mountain View Hyde Park, 5th Settlement Compounds, The 5th Settlement, New Cairo City, Cairo",1800000.0,28368000.0,Apartment,3,3,173, Cairo, New Cairo City
605,"Bait Alwatan, The 5th Settlement, New Cairo City, Cairo",2125000.0,33490000.0,Apartment,3,2,330, Cairo, New Cairo City
606,"Villino, North Investors Area, New Cairo City, Cairo",4500000.0,70920000.0,Villa,4,4,313, Cairo, New Cairo City
607,"Bait Alwatan, The 5th Settlement, New Cairo City, Cairo",1080000.0,17020800.0,Apartment,3,1,165, Cairo, New Cairo City
608,"Mountain View October Park, 6th District, 6 October City, Giza",2250000.0,35460000.0,iVilla,3,2,256, Giza, 6 October City
609,"North Edge Towers, New Alamein City, North Coast",5000000.0,78800000.0,Apartment,2,2,115, North Coast, New Alamein City
610,"Mivida, 5th Settlement Compounds, The 5th Settlement, New Cairo City, Cairo",9750000.0,153660000.0,Villa,4,4,391, Cairo, New Cairo City
611,"Ein Bay 2, Al Ain Al Sokhna, Suez",6900000.0,108744000.0,Twin House,4,5,350, Suez, Al Ain Al Sokhna
612,"New Giza, Cairo Alexandria Desert Road, 6 October City, Giza",2130000.0,33568800.0,Apartment,2,2,175, Giza, 6 October City
613,"Mivida, 5th Settlement Compounds, The 5th Settlement, New Cairo City, Cairo",3000000.0,47280000.0,Apartment,2,2,156, Cairo, New Cairo City
614,"Midtown, South Investors Area, New Cairo City, Cairo",2650000.0,41764000.0,Apartment,3,2,225, Cairo, New Cairo City
615,"Eastown, 5th Settlement Compounds, The 5th Settlement, New Cairo City, Cairo",4800000.0,75648000.0,Duplex,4,5,310, Cairo, New Cairo City
616,"Palm Hills Village Gate, South Investors Area, New Cairo City, Cairo",4250000.0,66980000.0,Duplex,3,3,240, Cairo, New Cairo City
617,"Mountain View Hyde Park, 5th Settlement Compounds, The 5th Settlement, New Cairo City, Cairo",1850000.0,29156000.0,Penthouse,2,2,166, Cairo, New Cairo City
618,"Al Katameya Plaza, The 1st Settlement, New Cairo City, Cairo",4400000.0,69344000.0,Apartment,4,5,274, Cairo, New Cairo City
619,"Mivida, 5th Settlement Compounds, The 5th Settlement, New Cairo City, Cairo",6550000.0,103228000.0,Twin House,3,4,322, Cairo, New Cairo City
620,"The Square, 5th Settlement Compounds, The 5th Settlement, New Cairo City, Cairo",1900000.0,29944000.0,Apartment,3,3,176, Cairo, New Cairo City
621,"Katameya Heights, El Katameya Compounds, El Katameya, New Cairo City, Cairo",35000000.0,551600000.0,Villa,5,5,110, Cairo, New Cairo City
622,"Hyde Park, 5th Settlement Compounds, The 5th Settlement, New Cairo City, Cairo",5300000.0,83528000.0,Twin House,4,4,340, Cairo, New Cairo City
623,"Villette, 5th Settlement Compounds, The 5th Settlement, New Cairo City, Cairo",5500000.0,86680000.0,Townhouse,5,4,263, Cairo, New Cairo City
624,"Mivida, 5th Settlement Compounds, The 5th Settlement, New Cairo City, Cairo",10550000.0,166268000.0,Villa,5,4,356, Cairo, New Cairo City
625,"Mivida, 5th Settlement Compounds, The 5th Settlement, New Cairo City, Cairo",15250000.0,240340000.0,Villa,6,5,630, Cairo, New Cairo City
626,"The Address East, 90 Street, The 5th Settlement, New Cairo City, Cairo",1500000.0,23640000.0,Apartment,3,2,180, Cairo, New Cairo City
628,"Allegria, Sheikh Zayed Compounds, Sheikh Zayed City, Giza",8100000.0,127656000.0,Villa,5,5,350, Giza, Sheikh Zayed City
629,"Palm Hills Village Gate, South Investors Area, New Cairo City, Cairo",2550000.0,40188000.0,Apartment,2,2,147, Cairo, New Cairo City
630,"Levana, Uptown Cairo, Mokattam, Cairo",7500000.0,118200000.0,Villa,3,3,380, Cairo, Mokattam
631,"Lake View Residence, 5th Settlement Compounds, The 5th Settlement, New Cairo City, Cairo",2100000.0,33096000.0,Apartment,2,2,144, Cairo, New Cairo City
632,"Mountain View Hyde Park, 5th Settlement Compounds, The 5th Settlement, New Cairo City, Cairo",2600000.0,40976000.0,iVilla,3,3,224, Cairo, New Cairo City
633,"Degla View, Zahraa El Maadi, Hay El Maadi, Cairo",2500000.0,39400000.0,Apartment,3,3,275, Cairo, Hay El Maadi
634,"O West, 6 October Compounds, 6 October City, Giza",1900000.0,29944000.0,Apartment,2,2,116, Giza, 6 October City
636,"Villette, 5th Settlement Compounds, The 5th Settlement, New Cairo City, Cairo",11800000.0,185968000.0,Villa,7+,7+,444, Cairo, New Cairo City
637,"Lake View Residence, 5th Settlement Compounds, The 5th Settlement, New Cairo City, Cairo",3600000.0,56736000.0,Apartment,3,3,215, Cairo, New Cairo City
638,"Eastown, 5th Settlement Compounds, The 5th Settlement, New Cairo City, Cairo",3800000.0,59888000.0,Duplex,3,3,233, Cairo, New Cairo City
639,"New Giza, Cairo Alexandria Desert Road, 6 October City, Giza",6700000.0,105592000.0,Duplex,4,3,464, Giza, 6 October City
640,"Levana, Uptown Cairo, Mokattam, Cairo",19500000.0,307320000.0,Villa,5,5,810, Cairo, Mokattam
641,"Zavani, New Capital Compounds, New Capital City, Cairo",1600000.0,25216000.0,Apartment,3,2,168, Cairo, New Capital City
642,"Hyde Park, 5th Settlement Compounds, The 5th Settlement, New Cairo City, Cairo",947000.0,14924720.0,Villa,5,4,682, Cairo, New Cairo City
643,"Al Andalous Residence, Sahl Hasheesh, Hurghada, Red Sea",2665000.0,42000400.0,Apartment,2,2,114, Red Sea, Hurghada
644,"Mivida, 5th Settlement Compounds, The 5th Settlement, New Cairo City, Cairo",9500000.0,149720000.0,Villa,4,5,391, Cairo, New Cairo City
645,"Joubal Lagoon, Al Gouna, Hurghada, Red Sea",6900000.0,108744000.0,Twin House,3,4,154, Red Sea, Hurghada
646,"Ancient Sands Resort, Al Gouna, Hurghada, Red Sea",4500000.0,70920000.0,Apartment,2,2,130, Red Sea, Hurghada
647,"Um Jamar, Al Gouna, Hurghada, Red Sea",14800000.0,233248000.0,Villa,3,3,313, Red Sea, Hurghada
648,"La Terra, South Investors Area, New Cairo City, Cairo",6750000.0,106380000.0,Townhouse,4,4,260, Cairo, New Cairo City
649,"Eastown, 5th Settlement Compounds, The 5th Settlement, New Cairo City, Cairo",3800000.0,59888000.0,Duplex,3,4,302, Cairo, New Cairo City
